SMILES,exposure_duration log10(h),endpoint,effect,SMILES_Canonical_RDKit,predictions log10(mg/L),predictions (mg/L),SMILES Alert,Chemical Alert,endpoint match,effect match,most similar chemical,max cosine similarity,mean cosine similarity
C1=CC=C2C(=C1)C=CC3=CC=CC=C3N2C(=O)N,2.8573324964312685,EC10,POP,NC(=O)N1c2ccccc2C=Cc2ccccc21,-2.7147717,0.0019285382,,,1,1,NC(=O)N1c2ccccc2C=Cc2ccccc21,0.9999994,0.5416191
C(#N)N=C(N)N,2.8573324964312685,EC10,POP,N#CN=C(N)N,1.4775335,30.028488,,,1,0,N#CN=C(N)N,1.0,0.35399723
CC(C1=CC=C(C=C1)CC(C)(C)O)C(=O)O,2.8573324964312685,EC10,POP,CC(C(=O)O)c1ccc(CC(C)(C)O)cc1,0.90137464,7.9684644,,,0,0,NCCCCCCN.O=C(O)c1ccc(C(=O)O)cc1,0.97899497,0.52068275
C1=CC=C(C(=C1)C(=O)NCC(=O)O)O,2.8573324964312685,EC10,POP,O=C(O)CNC(=O)c1ccccc1O,2.4954388,312.92395,,,1,1,O=C(O)CNC(=O)c1ccccc1O,0.99999976,0.1852658
CC(C1=CC(=C(C=C1)C2=CC=CC=C2)F)C(=O)O,2.8573324964312685,EC10,POP,CC(C(=O)O)c1ccc(-c2ccccc2)c(F)c1,-0.42470068,0.37609655,,,0,0,CC(C=O)Cc1ccc(C(C)(C)C)cc1,0.924762,0.593355
CC(C1=CC2=C(C=C1)C3=C(N2)C=CC(=C3)Cl)C(=O)O,2.8573324964312685,EC10,POP,CC(C(=O)O)c1ccc2c(c1)[nH]c1ccc(Cl)cc12,0.18267818,1.5229238,,,0,0,CC(C)(C)OCC1CO1,0.9037399,0.57419777
CCCCNC(=O)NS(=O)(=O)C1=CC=C(C=C1)C,2.8573324964312685,EC10,POP,CCCCNC(=O)NS(=O)(=O)c1ccc(C)cc1,0.20438156,1.600964,,,0,0,CNC(=O)N(c1ccccc1)c1ccccc1,0.83468014,0.5207679
C1=CC=C(C(=C1)C(=O)O)O,2.8573324964312685,EC10,POP,O=C(O)c1ccccc1O,0.101613164,1.2636102,,,1,0,O=C(O)c1ccccc1O,1.0,0.5165745
CC(C)(C)NCC(C1=CC(=CC(=C1)O)O)O,2.8573324964312685,EC10,POP,CC(C)(C)NCC(O)c1cc(O)cc(O)c1,-0.9442551,0.11369592,,,0,0,Cc1ccccc1C(OCCN(C)C)c1ccccc1.[Cl-].[H+],0.9300209,0.5873981
CC(C)(C)NCC(C1=CC(=C(C=C1)O)CO)O,2.8573324964312685,EC10,POP,CC(C)(C)NCC(O)c1ccc(O)c(CO)c1,-0.5493967,0.28223008,,,0,0,CC(C)(C)C(O)/C(=C\c1ccc(Cl)cc1)n1cncn1,0.9207781,0.59894526
CC(CC1=CC=C(C=C1)O)NCC(C2=CC(=CC(=C2)O)O)O,2.8573324964312685,EC10,POP,CC(Cc1ccc(O)cc1)NCC(O)c1cc(O)cc(O)c1,-0.9261377,0.11853929,,,0,0,OCc1cccc2ccccc12,0.33581454,0.18147585
CC(C)(C)NCC(C1=CC(=C(C(=C1)Cl)N)Cl)O,2.8573324964312685,EC10,POP,CC(C)(C)NCC(O)c1cc(Cl)c(N)c(Cl)c1,-0.6622273,0.21765704,,,0,0,Cc1cc(N)ccc1N,0.94592714,0.6127383
CC(C)(C)NC[C@@H](COC1=NSN=C1N2CCOCC2)O,2.8573324964312685,EC10,POP,CC(C)(C)NC[C@H](O)COc1nsnc1N1CCOCC1,-0.9368743,0.1156447,,,0,0,CCc1cccc(CC)c1N(COC)C(=O)CCl,0.9365647,0.59814715
CC(C1=CC=C(C=C1)N2CC3=CC=CC=C3C2=O)C(=O)O,2.8573324964312685,EC10,POP,CC(C(=O)O)c1ccc(N2Cc3ccccc3C2=O)cc1,-0.40954384,0.38945398,,,0,0,CCCCC(C#N)(Cn1cncn1)c1ccc(Cl)cc1,0.7998955,0.4717991
COCCCC/C(=N\OCCN)/C1=CC=C(C=C1)C(F)(F)F,2.8573324964312685,EC10,POP,COCCCC/C(=N\OCCN)c1ccc(C(F)(F)F)cc1,0.022438107,1.0530236,,,1,0,COCCCC/C(=N\OCCN)c1ccc(C(F)(F)F)cc1,1.0000004,0.12640123
COC1=C(C(=NC=C1)CS(=O)C2=NC3=C(N2)C=C(C=C3)OC(F)F)OC,2.8573324964312685,EC10,POP,COc1ccnc(CS(=O)c2nc3ccc(OC(F)F)cc3[nH]2)c1OC,-0.76225996,0.17287813,,,0,0,CC(C)(C)N(Sc1nc2ccccc2s1)Sc1nc2ccccc2s1,0.74207324,0.25564778
C1=CC(=C(C=C1Cl)C(=O)O)O,2.8573324964312685,EC10,POP,O=C(O)c1cc(Cl)ccc1O,0.16075842,1.4479662,,,0,0,O=C(O)c1cc(O)ccc1O,0.9896834,0.51917833
C[C@]12CC[C@H]3[C@H]([C@@H]1CC[C@]2(C#C)O)CCC4=C3C=CC(=C4)OC,2.8573324964312685,EC10,POP,C#C[C@]1(O)CC[C@H]2[C@@H]3CCc4cc(OC)ccc4[C@H]3CC[C@@]21C,-1.3607326,0.043578014,,,0,0,C#C[C@]1(O)CC[C@H]2[C@@H]3CCc4cc(O)ccc4[C@H]3CC[C@@]21C,0.9994867,0.5901124
CC1=CC(=NO1)NS(=O)(=O)C2=CC=C(C=C2)N,2.8573324964312685,EC10,POP,Cc1cc(NS(=O)(=O)c2ccc(N)cc2)no1,0.017640118,1.0414541,,,1,0,Cc1cc(NS(=O)(=O)c2ccc(N)cc2)no1,1.0,0.5568646
C[C@]12CC[C@H]3[C@H]([C@@H]1CCC2=O)CCC4=C3C=CC(=C4)O,2.8573324964312685,EC10,POP,C[C@]12CC[C@@H]3c4ccc(O)cc4CC[C@H]3[C@@H]1CCC2=O,-1.4726021,0.033682,,,0,0,O=[N+]([O-])[O-].O=[N+]([O-])[O-].O=[N+]([O-])[O-].[Ce+3],0.98053646,0.6118991
C1=CC(=C(C=C1Br)C(=O)O)O,2.8573324964312685,EC10,POP,O=C(O)c1cc(Br)ccc1O,0.33374014,2.1564536,,,0,0,O=C(O)c1cc(O)ccc1O,0.98491454,0.50793004
C[C@]12CC[C@H]3[C@H]([C@@H]1CC[C@@H]2O)CCC4=C3C=CC(=C4)O,2.8573324964312685,EC10,POP,C[C@]12CC[C@@H]3c4ccc(O)cc4CC[C@H]3[C@@H]1CC[C@@H]2O,-1.7086488,0.019559205,,,1,1,C[C@]12CC[C@@H]3c4ccc(O)cc4CC[C@H]3[C@@H]1CC[C@@H]2O,1.0,0.5661992
CC(=O)CCCCN1C(=O)C2=C(N=CN2C)N(C1=O)C,2.8573324964312685,EC10,POP,CC(=O)CCCCn1c(=O)c2c(ncn2C)n(C)c1=O,-1.476294,0.033396885,,,0,0,Cc1nn(-c2cc(NS(C)(=O)=O)c(Cl)cc2Cl)c(=O)n1C(F)F,0.8041305,0.4883241
CCOC1=CC=C(C=C1)NC(=O)C,2.8573324964312685,EC10,POP,CCOc1ccc(NC(C)=O)cc1,0.44667193,2.7968678,,,0,0,COc1ccccc1C(=O)O,0.9570332,0.55854887
CC1=CC(=NC(=N1)NS(=O)(=O)C2=CC=C(C=C2)N)C,2.8573324964312685,EC10,POP,Cc1cc(C)nc(NS(=O)(=O)c2ccc(N)cc2)n1,0.26131797,1.8252316,,,1,0,Cc1cc(C)nc(NS(=O)(=O)c2ccc(N)cc2)n1,0.99999976,0.52277976
CCOC(=O)[C@@]1(CCC=C[C@H]1N(C)C)C2=CC=CC=C2,2.8573324964312685,EC10,POP,CCOC(=O)[C@]1(c2ccccc2)CCC=C[C@H]1N(C)C,-1.3961511,0.040165108,,,0,0,C[C@@H]1[C@@H](CN)C[C@H]2C[C@@H]1C2(C)C,0.96753633,0.5573695
C1CN(CCN1CCC2=C(C=C3C(=C2)CC(=O)N3)Cl)C4=NSC5=CC=CC=C54,2.8573324964312685,EC10,POP,O=C1Cc2cc(CCN3CCN(c4nsc5ccccc45)CC3)c(Cl)cc2N1,-1.6112128,0.024478633,,,0,0,O.O=C1Cc2cc(CCN3CCN(c4nsc5ccccc45)CC3)c(Cl)cc2N1.[Cl-].[H+],0.85044163,0.04557287
C1CN(CC2=C1SC=C2)C(C3=CC=CC=C3Cl)C(=O)O,2.8573324964312685,EC10,POP,O=C(O)C(c1ccccc1Cl)N1CCc2sccc2C1,-1.0444254,0.09027648,,,0,0,O=C(OCC1CCC2OC2C1)C1CCC2OC2C1,0.65155214,0.3796184
CC(C)(C(=O)O)OC1=CC=C(C=C1)Cl,2.8573324964312685,EC10,POP,CC(C)(Oc1ccc(Cl)cc1)C(=O)O,-1.872576,0.013409853,,,1,0,CC(C)(Oc1ccc(Cl)cc1)C(=O)O,0.99999994,0.55428416
C1C2CC3CC1CC(C2)(C3)N,2.8573324964312685,EC10,POP,NC12CC3CC(CC(C3)C1)C2,-0.0103810225,0.9763802,,,0,0,NC12CC3CC(CC(C3)C1)C2,0.99999994,0.59988433
CC(C(=O)C1=CC(=CC=C1)Cl)NC(C)(C)C,2.8573324964312685,EC10,POP,CC(NC(C)(C)C)C(=O)c1cccc(Cl)c1,-1.5021678,0.03146532,,,0,0,CC(C)Nc1nc(Cl)nc(NC(C)C)n1,0.94197553,0.56865734
CN(C)CCCC1(C2=C(CO1)C=C(C=C2)C#N)C3=CC=C(C=C3)F,2.8573324964312685,EC10,POP,CN(C)CCCC1(c2ccc(F)cc2)OCc2cc(C#N)ccc21,0.59400797,3.9265213,,,1,0,CN(C)CCCC1(c2ccc(F)cc2)OCc2cc(C#N)ccc21,0.9999994,0.33614242
C1=C(C(=C(C(=C1I)NC(=O)CCCCC(=O)NC2=C(C=C(C(=C2I)C(=O)O)I)I)I)C(=O)O)I,2.8573324964312685,EC10,POP,O=C(CCCCC(=O)Nc1c(I)cc(I)c(C(=O)O)c1I)Nc1c(I)cc(I)c(C(=O)O)c1I,0.46828634,2.939587,,,0,0,O=C1OC2(c3ccccc31)c1c(cc(I)c([O-])c1I)Oc1cc(I)c([O-])c(I)c12.O=C1OC2(c3ccccc31)c1c(cc(I)c([O-])c1I)Oc1cc(I)c([O-])c(I)c12.O=C1OC2(c3ccccc31)c1c(cc(I)c([O-])c1I)Oc1cc(I)c([O-])c(I)c12.[Al+3].[Al+3],0.92353487,0.46142435
CC(=O)N(C)C1=C(C(=C(C(=C1I)C(=O)NCC(=O)NC2=C(C(=C(C(=C2I)C(=O)O)I)C(=O)NCCO)I)I)C(=O)NC)I,2.8573324964312685,EC10,POP,CNC(=O)c1c(I)c(C(=O)NCC(=O)Nc2c(I)c(C(=O)O)c(I)c(C(=O)NCCO)c2I)c(I)c(N(C)C(C)=O)c1I,0.25863582,1.8139939,,,0,0,O=C1OC2(c3ccccc31)c1c(cc(I)c([O-])c1I)Oc1cc(I)c([O-])c(I)c12.O=C1OC2(c3ccccc31)c1c(cc(I)c([O-])c1I)Oc1cc(I)c([O-])c(I)c12.O=C1OC2(c3ccccc31)c1c(cc(I)c([O-])c1I)Oc1cc(I)c([O-])c(I)c12.[Al+3].[Al+3],0.93492234,0.49371725
CCC(CC)O[C@@H]1C=C(C[C@@H]([C@H]1NC(=O)C)N)C(=O)OCC,2.8573324964312685,EC10,POP,CCOC(=O)C1=C[C@@H](OC(CC)CC)[C@H](NC(C)=O)[C@@H](N)C1,-0.8626512,0.13719831,,,0,0,[NH4+],0.5668284,0.35754642
C1CNC[C@H]([C@@H]1C2=CC=C(C=C2)F)COC3=CC4=C(C=C3)OCO4,2.8573324964312685,EC10,POP,Fc1ccc([C@@H]2CCNC[C@H]2COc2ccc3c(c2)OCO3)cc1,-0.11039083,0.7755489,,,1,0,Fc1ccc([C@@H]2CCNC[C@H]2COc2ccc3c(c2)OCO3)cc1,0.99999964,0.10301196
CN[C@H]1CC[C@H](C2=CC=CC=C12)C3=CC(=C(C=C3)Cl)Cl,2.8573324964312685,EC10,POP,CN[C@H]1CC[C@@H](c2ccc(Cl)c(Cl)c2)c2ccccc21,-1.5516893,0.028074415,,,1,0,CN[C@H]1CC[C@@H](c2ccc(Cl)c(Cl)c2)c2ccccc21,0.99999994,0.48414847
C1=CC=C(C=C1)C(C2=CC=CC=C2)(C3=CC=CC=C3Cl)N4C=CN=C4,2.8573324964312685,EC10,POP,Clc1ccccc1C(c1ccccc1)(c1ccccc1)n1ccnc1,-3.6136076,0.00024344023,,,1,0,Clc1ccccc1C(c1ccccc1)(c1ccccc1)n1ccnc1,0.99999994,0.10953908
CCC[C@@H]1C[C@H](N(C1)C)C(=O)N[C@@H]([C@@H]2[C@@H]([C@@H]([C@H]([C@H](O2)SC)O)O)O)[C@H](C)Cl,2.8573324964312685,EC10,POP,CCC[C@@H]1C[C@@H](C(=O)N[C@H]([C@H](C)Cl)[C@H]2O[C@H](SC)[C@H](O)[C@@H](O)[C@H]2O)N(C)C1,1.9962575,99.14197,,,0,0,CCC[C@@H]1C[C@@H](C(=O)N[C@H]([C@@H](C)O)[C@H]2O[C@H](SC)[C@H](O)[C@@H](O)[C@H]2O)N(C)C1.[Cl-].[H+],0.91123664,0.23118037
CNC(=C[N+](=O)[O-])NCCSCC1=CC=C(O1)CN(C)C.Cl,2.8573324964312685,EC10,POP,CNC(=C[N+](=O)[O-])NCCSCc1ccc(CN(C)C)o1.Cl,0.5025578,3.180957,,,0,0,OCCN1CN(CCO)CN(CCO)C1,0.78169376,0.46986726
CC[C@@H]1[C@@]([C@@H]([C@H](C(=O)[C@@H](C[C@@]([C@@H]([C@H]([C@@H]([C@H](C(=O)O1)C)O[C@H]2C[C@@]([C@H]([C@@H](O2)C)O)(C)OC)C)O[C@H]3[C@@H]([C@H](C[C@H](O3)C)N(C)C)O)(C)OC)C)C)O)(C)O,2.8573324964312685,EC10,POP,CC[C@H]1OC(=O)[C@H](C)[C@@H](O[C@H]2C[C@@](C)(OC)[C@@H](O)[C@H](C)O2)[C@H](C)[C@@H](O[C@@H]2O[C@H](C)C[C@H](N(C)C)[C@H]2O)[C@](C)(OC)C[C@@H](C)C(=O)[C@H](C)[C@@H](O)[C@]1(C)O,0.7554831,5.6948605,,,0,0,CC[C@H]1OC(=O)[C@H](C)[C@@H](O[C@H]2C[C@@](C)(OC)[C@@H](O)[C@H](C)O2)[C@H](C)[C@@H](O[C@@H]2O[C@H](C)C[C@H](N(C)C)[C@H]2O)[C@](C)(O)C[C@@H](C)C(=O)[C@H](C)[C@@H](O)[C@]1(C)O,0.99999976,0.50240326
CC1=NN=C(S1)NS(=O)(=O)C2=CC=C(C=C2)N,2.8573324964312685,EC10,POP,Cc1nnc(NS(=O)(=O)c2ccc(N)cc2)s1,0.63319576,4.297301,,,0,0,Cc1ccnc(NS(=O)(=O)c2ccc(N)cc2)n1,0.9779758,0.5176241
CC1([C@@H](N2[C@H](S1)[C@@H](C2=O)NC(=O)CC3=CC=CC=C3)C(=O)O)C,2.8573324964312685,EC10,POP,CC1(C)S[C@@H]2[C@H](NC(=O)Cc3ccccc3)C(=O)N2[C@H]1C(=O)O,-1.5230532,0.029987954,,,0,0,CC(C)CC[C@@H](O)[C@](C)(O)[C@H]1CC[C@@]2(O)C3=CC(=O)[C@@H]4C[C@@H](O)[C@@H](O)C[C@]4(C)[C@H]3CC[C@]12C,0.8444767,0.3152385
CCCCC1=NC=C(N1CC2=CC=C(C=C2)C(=O)O)/C=C(\CC3=CC=CS3)/C(=O)O,2.8573324964312685,EC10,POP,CCCCc1ncc(/C=C(\Cc2cccs2)C(=O)O)n1Cc1ccc(C(=O)O)cc1,1.2466985,17.648123,,,0,0,C=C[C@H]1CN2CC[C@H]1C[C@@H]2[C@@H](O)c1ccnc2ccc(OC)cc12,0.8666282,0.4238319
CCOC1=NC2=CC=CC(=C2N1CC3=CC=C(C=C3)C4=CC=CC=C4C5=NOC(=O)N5)C(=O)O,2.8573324964312685,EC10,POP,CCOc1nc2cccc(C(=O)O)c2n1Cc1ccc(-c2ccccc2-c2noc(=O)[nH]2)cc1,1.0159087,10.373103,,,0,0,[Na+].c1nnc[n-]1,0.9246714,0.49473906
CC[C@@H]1[C@@]([C@@H]([C@H](N(C[C@@H](C[C@@]([C@@H]([C@H]([C@@H]([C@H](C(=O)O1)C)O[C@H]2C[C@@]([C@H]([C@@H](O2)C)O)(C)OC)C)O[C@H]3[C@@H]([C@H](C[C@H](O3)C)N(C)C)O)(C)O)C)C)C)O)(C)O,2.8573324964312685,EC10,POP,CC[C@H]1OC(=O)[C@H](C)[C@@H](O[C@H]2C[C@@](C)(OC)[C@@H](O)[C@H](C)O2)[C@H](C)[C@@H](O[C@@H]2O[C@H](C)C[C@H](N(C)C)[C@H]2O)[C@](C)(O)C[C@@H](C)CN(C)[C@H](C)[C@@H](O)[C@]1(C)O,0.7554831,5.6948605,,,0,0,CC[C@H]1OC(=O)[C@H](C)[C@@H](O[C@H]2C[C@@](C)(OC)[C@@H](O)[C@H](C)O2)[C@H](C)[C@@H](O[C@@H]2O[C@H](C)C[C@H](N(C)C)[C@H]2O)[C@](C)(O)C[C@@H](C)C(=O)[C@H](C)[C@@H](O)[C@]1(C)O,0.99999976,0.50240326
CC1([C@@H](N2[C@H](S1)[C@@H](C2=O)NC(=O)[C@@H](C3=CC=C(C=C3)O)N)C(=O)O)C,2.8573324964312685,EC10,POP,CC1(C)S[C@@H]2[C@H](NC(=O)[C@H](N)c3ccc(O)cc3)C(=O)N2[C@H]1C(=O)O,-0.9727568,0.10647391,,,0,0,O=C([O-])[C@@H]1[C@@H]2C=C[C@@H](O2)[C@@H]1C(=O)[O-].[Na+].[Na+],0.8338852,0.36161476
CCCC1=NC(=C(N1CC2=CC=C(C=C2)C3=CC=CC=C3C4=NNN=N4)C(=O)O)C(C)(C)O,2.8573324964312685,EC10,POP,CCCc1nc(C(C)(C)O)c(C(=O)O)n1Cc1ccc(-c2ccccc2-c2nn[nH]n2)cc1,1.5596989,36.282646,,,0,0,CCOc1nc2cccc(C(=O)O)c2n1Cc1ccc(-c2ccccc2-c2nn[nH]n2)cc1,0.97392774,0.39699835
CC1([C@@H](N2[C@H](S1)[C@@H](C2=O)NC(=O)[C@@H](C3=CC=CC=C3)N)C(=O)O)C,2.8573324964312685,EC10,POP,CC1(C)S[C@@H]2[C@H](NC(=O)[C@H](N)c3ccccc3)C(=O)N2[C@H]1C(=O)O,-1.7094768,0.019521948,,,0,0,CC(C)CC[C@@H](O)[C@](C)(O)[C@H]1CC[C@@]2(O)C3=CC(=O)[C@@H]4C[C@@H](O)[C@@H](O)C[C@]4(C)[C@H]3CC[C@]12C,0.7767858,0.25922263
C1C2=CC=CC=C2N(C3=CC=CC=C3C1=O)C(=O)N,2.8573324964312685,EC10,POP,NC(=O)N1c2ccccc2CC(=O)c2ccccc21,-1.2395177,0.057607938,,,0,0,CC1=NNC(=O)N(/N=C/c2cccnc2)C1,0.95708954,0.5367167
CC1=C(C(=O)C(=C(N1)C)Cl)Cl,2.8573324964312685,EC10,POP,Cc1[nH]c(C)c(Cl)c(=O)c1Cl,1.6313909,42.794796,,,0,0,Cc1[nH]c(=O)n(C(C)(C)C)c(=O)c1Cl,0.9098313,0.3328833
CC(C)(C1=CC=C(C=C1)C(CCCN2CCC(CC2)C(C3=CC=CC=C3)(C4=CC=CC=C4)O)O)C(=O)O,2.8573324964312685,EC10,POP,CC(C)(C(=O)O)c1ccc(C(O)CCCN2CCC(C(O)(c3ccccc3)c3ccccc3)CC2)cc1,0.16448788,1.460454,,,0,0,COc1ccc(NC(=O)Nc2ccc(C(=O)NCCCC(=O)O)cc2)c([N+](=O)[O-])c1,0.8542283,0.49464566
CCN(C1=CC=CC=C1C)C(=O)/C=C/C,2.8573324964312685,EC10,POP,C/C=C/C(=O)N(CC)c1ccccc1C,0.38138026,2.4064689,,,0,0,Br/C=C/c1ccccc1,0.88624954,0.5850164
C1=CC(=C(C=C1F)F)C(CN2C=NC=N2)(CN3C=NC=N3)O,2.8573324964312685,EC10,POP,OC(Cn1cncn1)(Cn1cncn1)c1ccc(F)cc1F,-0.5215635,0.30090994,,,0,0,CC(C1CC1)C(O)(Cn1cncn1)c1ccc(Cl)cc1,0.9752299,0.59838635
CC(C)C[C@@H](CC(=O)O)CN,2.8573324964312685,EC10,POP,CC(C)C[C@H](CN)CC(=O)O,0.818139,6.578684,,,0,0,[Ba+2].[Cl-].[Cl-],0.9789345,0.55060554
CC1CCC2=C3N1C=C(C(=O)C3=CC(=C2)F)C(=O)O,2.8573324964312685,EC10,POP,CC1CCc2cc(F)cc3c(=O)c(C(=O)O)cn1c23,0.47063994,2.9555612,,,1,0,CC1CCc2cc(F)cc3c(=O)c(C(=O)O)cn1c23,1.0000001,0.50799745
C1=CC(=C(C(=C1)Cl)Cl)C2=C(N=C(N=N2)N)N ,2.8573324964312685,EC10,POP,Nc1nnc(-c2cccc(Cl)c2Cl)c(N)n1,-0.3573412,0.43919644,,,0,0,CN1COCN(Cc2cnc(Cl)s2)/C1=N/[N+](=O)[O-],0.63560617,0.3730753
CC[C@@H]1[C@@]([C@@H]([C@H](C(=O)[C@@H](C[C@@]([C@@H]([C@H]([C@@H]([C@H](C(=O)O1)C)O[C@H]2C[C@@]([C@H]([C@@H](O2)C)O)(C)OC)C)O[C@H]3[C@@H]([C@H](C[C@H](O3)C)N(C)C)O)(C)O)C)C)O)(C)O,2.8573324964312685,EC10,POP,CC[C@H]1OC(=O)[C@H](C)[C@@H](O[C@H]2C[C@@](C)(OC)[C@@H](O)[C@H](C)O2)[C@H](C)[C@@H](O[C@@H]2O[C@H](C)C[C@H](N(C)C)[C@H]2O)[C@](C)(O)C[C@@H](C)C(=O)[C@H](C)[C@@H](O)[C@]1(C)O,0.7554831,5.6948605,,,1,0,CC[C@H]1OC(=O)[C@H](C)[C@@H](O[C@H]2C[C@@](C)(OC)[C@@H](O)[C@H](C)O2)[C@H](C)[C@@H](O[C@@H]2O[C@H](C)C[C@H](N(C)C)[C@H]2O)[C@](C)(O)C[C@@H](C)C(=O)[C@H](C)[C@@H](O)[C@]1(C)O,0.99999976,0.50240326
C1NC2=CC(=C(C=C2S(=O)(=O)N1)S(=O)(=O)N)Cl,2.8573324964312685,EC10,POP,NS(=O)(=O)c1cc2c(cc1Cl)NCNS2(=O)=O,-0.27569458,0.53003603,,,0,0,CCCCCCCCCCCC(=O)N(C)CCS(=O)(=O)[O-].[Na+],0.7382015,0.47708523
CC1=C(C(=NO1)C2=C(C=CC=C2Cl)Cl)C(=O)N[C@H]3[C@@H]4N(C3=O)[C@H](C(S4)(C)C)C(=O)O,2.8573324964312685,EC10,POP,Cc1onc(-c2c(Cl)cccc2Cl)c1C(=O)N[C@@H]1C(=O)N2[C@@H](C(=O)O)C(C)(C)S[C@H]12,-2.2718003,0.0053481027,,,0,0,O=C(O)[C@@H](O)[C@H](O)C(=O)O.c1cnc2cc3c(cc2n1)C1CNCC3C1,0.40629226,0.18614896
CC1=C(C(=NO1)C2=CC=CC=C2Cl)C(=O)N[C@H]3[C@@H]4N(C3=O)[C@H](C(S4)(C)C)C(=O)O,2.8573324964312685,EC10,POP,Cc1onc(-c2ccccc2Cl)c1C(=O)N[C@@H]1C(=O)N2[C@@H](C(=O)O)C(C)(C)S[C@H]12,1.1015296,12.633672,,,0,0,COC(=O)c1ccc(I)cc1S(=O)([O-])=NC(=O)Nc1nc(C)nc(OC)n1.[Na+],0.74408096,0.31354123
CN1C(=CN=C1COC(=O)N)[N+](=O)[O-],2.8573324964312685,EC10,POP,Cn1c([N+](=O)[O-])cnc1COC(N)=O,-0.14781788,0.7115118,,,0,0,CC(C)(C)C1CCC(=O)CC1,0.45898896,0.29974473
CCN1CCN(C(=O)C1=O)C(=O)N[C@H](C2=CC=CC=C2)C(=O)N[C@H]3[C@@H]4N(C3=O)[C@H](C(S4)(C)C)C(=O)O,2.8573324964312685,EC10,POP,CCN1CCN(C(=O)N[C@@H](C(=O)N[C@@H]2C(=O)N3[C@@H](C(=O)O)C(C)(C)S[C@H]23)c2ccccc2)C(=O)C1=O,-0.58241004,0.2615712,,,0,0,CCOc1nc(NC)nc(NC(=O)NS(=O)(=O)c2ccccc2C(=O)OC)n1,0.5960563,0.36547968
CC1=CC(=CC=C1)NC2=C(C=NC=C2)S(=O)(=O)[N-]C(=O)NC(C)C.[Na+],2.8573324964312685,EC10,POP,Cc1cccc(Nc2ccncc2S(=O)(=O)[N-]C(=O)NC(C)C)c1.[Na+],1.3187932,20.834986,,,0,0,CC(=O)[N-]c1cc(NS(=O)(=O)C(F)(F)F)c(C)cc1C.[K+],0.9712569,0.45709977
CC1([C@@H](N2[C@H](S1)[C@@H](C2=O)NC(=O)COC3=CC=CC=C3)C(=O)O)C,2.8573324964312685,EC10,POP,CC1(C)S[C@@H]2[C@H](NC(=O)COc3ccccc3)C(=O)N2[C@H]1C(=O)O,-1.2609599,0.054832764,,,0,0,O=C([O-])[C@@H]1[C@@H]2C=C[C@@H](O2)[C@@H]1C(=O)[O-].[Na+].[Na+],0.8130246,0.3125047
C1=CC(=CC=C1C(F)(F)F)O,2.8573324964312685,EC10,POP,Oc1ccc(C(F)(F)F)cc1,0.27610666,1.888455,,,0,0,Oc1ccc(C(F)(F)F)cc1,0.99999964,0.5786604
CC1=C(C(=NO1)C2=CC=CC=C2)C(=O)N[C@H]3[C@@H]4N(C3=O)[C@H](C(S4)(C)C)C(=O)O,2.8573324964312685,EC10,POP,Cc1onc(-c2ccccc2)c1C(=O)N[C@@H]1C(=O)N2[C@@H](C(=O)O)C(C)(C)S[C@H]12,0.9415711,8.741201,,,0,0,COC(=O)c1ccc(I)cc1S(=O)([O-])=NC(=O)Nc1nc(C)nc(OC)n1.[Na+],0.83987933,0.45031485
CC(CS(=O)(=O)C1=CC=C(C=C1)F)(C(=O)NC2=CC(=C(C=C2)C#N)C(F)(F)F)O,2.8573324964312685,EC10,POP,CC(O)(CS(=O)(=O)c1ccc(F)cc1)C(=O)Nc1ccc(C#N)c(C(F)(F)F)c1,-2.2264228,0.005937139,,,0,0,O=C(Nc1ccc([N+](=O)[O-])cc1Cl)c1cc(Cl)ccc1O,0.58835167,0.23887567
CCOC1=C(C2=CC=CC=C2C=C1)C(=O)N[C@H]3[C@@H]4N(C3=O)[C@H](C(S4)(C)C)C(=O)O,2.8573324964312685,EC10,POP,CCOc1ccc2ccccc2c1C(=O)N[C@@H]1C(=O)N2[C@@H](C(=O)O)C(C)(C)S[C@H]12,0.1525769,1.4209437,,,0,0,COC(=O)c1nccnc1N,0.8549539,0.5460921
CC1([C@@H](N2[C@H](S1)[C@@H](C2=O)NC(=O)[C@@H](C3=CC=CC=C3)NC(=O)N4CCN(C4=O)S(=O)(=O)C)C(=O)O)C,2.8573324964312685,EC10,POP,CC1(C)S[C@@H]2[C@H](NC(=O)[C@H](NC(=O)N3CCN(S(C)(=O)=O)C3=O)c3ccccc3)C(=O)N2[C@H]1C(=O)O,-0.15606515,0.6981277,,,0,0,COc1ccc(NC(=O)C2=Cc3ccccc3/C(=N/Nc3cc(C(=O)Nc4cccc(S(=O)(=O)[O-])c4)ccc3C)C2=O)cc1.COc1ccc(NC(=O)C2=Cc3ccccc3/C(=N/Nc3cc(C(=O)Nc4cccc(S(=O)(=O)[O-])c4)ccc3C)C2=O)cc1.[Ca+2],0.737824,0.17903997
CC1=NC=C(N1C)[N+](=O)[O-],2.8573324964312685,EC10,POP,Cc1ncc([N+](=O)[O-])n1C,1.879684,75.802574,,,0,0,O=C1NCCCN1,0.9626734,0.38184038
CC1([C@@H](N2[C@H](S1)[C@@H](C2=O)NC(=O)C3=C(C=CC=C3OC)OC)C(=O)O)C,2.8573324964312685,EC10,POP,COc1cccc(OC)c1C(=O)N[C@@H]1C(=O)N2[C@@H](C(=O)O)C(C)(C)S[C@H]12,-0.66115695,0.21819413,,,0,0,[Sn],0.87086916,0.5333657
CC1=C(C(=NO1)C2=C(C=CC=C2Cl)F)C(=O)N[C@H]3[C@@H]4N(C3=O)[C@H](C(S4)(C)C)C(=O)O,2.8573324964312685,EC10,POP,Cc1onc(-c2c(F)cccc2Cl)c1C(=O)N[C@@H]1C(=O)N2[C@@H](C(=O)O)C(C)(C)S[C@H]12,-2.2809377,0.005236756,,,0,0,O=C(O)[C@@H](O)[C@H](O)C(=O)O.c1cnc2cc3c(cc2n1)C1CNCC3C1,0.3995217,0.1566252
CNCC[C@@H](C1=CC=CS1)OC2=CC=CC3=CC=CC=C32,2.8573324964312685,EC10,POP,CNCC[C@H](Oc1cccc2ccccc12)c1cccs1,-1.7905314,0.016198268,,,0,0,Nc1ccc(F)cc1,0.8869901,0.46573257
CCC1(C(=O)NC(=O)NC1=O)C2=CC=CC=C2,2.8573324964312685,EC10,POP,CCC1(c2ccccc2)C(=O)NC(=O)NC1=O,1.5700393,37.15688,,,0,0,Cc1cnc(C2=NC(C)(C(C)C)C(=O)N2)c(C(=O)O)c1,0.8688526,0.25298497
C1CN(CCN1CCOCCO)C2=NC3=CC=CC=C3SC4=CC=CC=C42,2.8573324964312685,EC10,POP,OCCOCCN1CCN(C2=Nc3ccccc3Sc3ccccc32)CC1,-1.7593246,0.017405057,,,0,0,Cc1ccc(N=CN(C)C=Nc2ccc(C)cc2C)c(C)c1,0.93090963,0.48587626
CCCC1=NN(C2=C1N=C(NC2=O)C3=C(C=CC(=C3)S(=O)(=O)N4CCN(CC4)C)OCC)C,2.8573324964312685,EC10,POP,CCCc1nn(C)c2c(=O)[nH]c(-c3cc(S(=O)(=O)N4CCN(C)CC4)ccc3OCC)nc12,1.240851,17.412094,,,0,0,CC1=NN(c2cccc(S(=O)(=O)O)c2)C(=O)C1,0.8695507,0.40959635
C1CC1N2C=C(C(=O)C3=CC(=C(C=C32)N4CCNCC4)F)C(=O)O,2.8573324964312685,EC10,POP,O=C(O)c1cn(C2CC2)c2cc(N3CCNCC3)c(F)cc2c1=O,-0.050771803,0.88966846,,,0,0,O=C(O)c1cn(C2CC2)c2cc(N3CCNCC3)c(F)cc2c1=O,1.0000002,0.22265185
CC[C@@H]1[C@H](/C=C(/C=C/C(=O)[C@@H](C[C@@H]([C@@H]([C@H]([C@@H](CC(=O)O1)O)C)O[C@H]2[C@@H]([C@H]([C@@H]([C@H](O2)C)O[C@H]3C[C@@]([C@H]([C@@H](O3)C)O)(C)O)N(C)C)O)CC=O)C)\C)CO[C@H]4[C@@H]([C@@H]([C@@H]([C@H](O4)C)O)OC)OC,2.8573324964312685,EC10,POP,CC[C@H]1OC(=O)C[C@@H](O)[C@H](C)[C@@H](O[C@@H]2O[C@H](C)[C@@H](O[C@H]3C[C@@](C)(O)[C@@H](O)[C@H](C)O3)[C@H](N(C)C)[C@H]2O)[C@@H](CC=O)C[C@@H](C)C(=O)/C=C/C(C)=C/[C@@H]1CO[C@@H]1O[C@H](C)[C@@H](O)[C@@H](OC)[C@H]1OC,0.5178754,3.2951515,,,0,0,O=S(=O)([O-])c1ccc(Nc2nc(Nc3ccc(/C=C/c4ccc(Nc5nc(Nc6ccc(S(=O)(=O)[O-])cc6)nc(N(CCO)CCO)n5)c(S(=O)(=O)[O-])c4)cc3S(=O)(=O)[O-])nc(N(CCO)CCO)n2)cc1.[Na+].[Na+].[Na+].[Na+],0.94660616,0.4721776
COC1=CC(=CC(=C1OC)OC)CC2=CN=C(N=C2N)N,2.8573324964312685,EC10,POP,COc1cc(Cc2cnc(N)nc2N)cc(OC)c1OC,0.69399345,4.9430323,,,1,0,COc1cc(Cc2cnc(N)nc2N)cc(OC)c1OC,0.9999999,0.49989143
C[C@@H]1C/C=C/C=C/[C@@H]([C@@H](C[C@@H]([C@@H]([C@H]([C@@H](CC(=O)O1)O)OC)O[C@H]2[C@@H]([C@H]([C@@H]([C@H](O2)C)O[C@H]3C[C@@]([C@H]([C@@H](O3)C)O)(C)O)N(C)C)O)CC=O)C)O[C@H]4CC[C@@H]([C@H](O4)C)N(C)C,2.8573324964312685,EC10,POP,CO[C@@H]1[C@@H](O[C@@H]2O[C@H](C)[C@@H](O[C@H]3C[C@@](C)(O)[C@@H](O)[C@H](C)O3)[C@H](N(C)C)[C@H]2O)[C@@H](CC=O)C[C@@H](C)[C@@H](O[C@H]2CC[C@H](N(C)C)[C@@H](C)O2)/C=C/C=C/C[C@@H](C)OC(=O)C[C@H]1O,0.8676211,7.3726077,,,0,0,NC[C@@H]1O[C@H](O[C@@H]2[C@@H](CO)O[C@@H](O[C@@H]3[C@@H](O)[C@H](N)C[C@H](N)[C@H]3O[C@H]3O[C@H](CO)[C@@H](O)[C@H](O)[C@H]3N)[C@@H]2O)[C@H](N)[C@@H](O)[C@@H]1O,0.9334501,0.42865077
CC[C@@H]1[C@@]([C@@H]([C@H](/C(=N/OCOCCOC)/[C@@H](C[C@@]([C@@H]([C@H]([C@@H]([C@H](C(=O)O1)C)O[C@H]2C[C@@]([C@H]([C@@H](O2)C)O)(C)OC)C)O[C@H]3[C@@H]([C@H](C[C@H](O3)C)N(C)C)O)(C)O)C)C)O)(C)O,2.8573324964312685,EC10,POP,CC[C@H]1OC(=O)[C@H](C)[C@@H](O[C@H]2C[C@@](C)(OC)[C@@H](O)[C@H](C)O2)[C@H](C)[C@@H](O[C@@H]2O[C@H](C)C[C@H](N(C)C)[C@H]2O)[C@](C)(O)C[C@@H](C)/C(=N\OCOCCOC)[C@H](C)[C@@H](O)[C@]1(C)O,0.7554831,5.6948605,,,0,0,CC[C@H]1OC(=O)[C@H](C)[C@@H](O[C@H]2C[C@@](C)(OC)[C@@H](O)[C@H](C)O2)[C@H](C)[C@@H](O[C@@H]2O[C@H](C)C[C@H](N(C)C)[C@H]2O)[C@](C)(O)C[C@@H](C)C(=O)[C@H](C)[C@@H](O)[C@]1(C)O,0.99999976,0.50240326
C1=NC(=C2C(=N1)N(C=N2)[C@H]3[C@@H]([C@@H]([C@H](O3)CO)O)O)N,2.8573324964312685,EC10,POP,Nc1ncnc2c1ncn2[C@@H]1O[C@H](CO)[C@@H](O)[C@H]1O,0.8416437,6.9445434,,,0,0,C[C@H]1O[C@@H](O[C@H]2[C@@H](O)C[C@H](O[C@H]3[C@@H](O)C[C@H](O[C@H]4CC[C@]5(C)[C@H]6C[C@@H](O)[C@]7(C)[C@@H](C8=CC(=O)OC8)CC[C@]7(O)[C@@H]6CC[C@@H]5C4)O[C@@H]3C)O[C@@H]2C)C[C@H](O)[C@@H]1O,0.9606941,0.53476566
C1CN(P(=O)(OC1)NCCCl)CCCl,2.8573324964312685,EC10,POP,O=P1(NCCCl)OCCCN1CCCl,1.178511,15.083809,,,0,0,Nc1ccc([As](=O)(O)O)cc1,0.8977871,0.44690377
CC[C@H](C)[C@@H]1[C@H](CC[C@@]2(O1)C[C@@H]3C[C@H](O2)C/C=C(/[C@H]([C@H](/C=C/C=C/4\CO[C@H]5[C@@]4([C@@H](C=C([C@H]5O)C)C(=O)O3)O)C)O[C@H]6C[C@@H]([C@H]([C@@H](O6)C)O[C@H]7C[C@@H]([C@H]([C@@H](O7)C)O)OC)OC)\C)C,2.8573324964312685,EC10,POP,CC[C@H](C)[C@H]1O[C@]2(CC[C@@H]1C)C[C@@H]1C[C@@H](C/C=C(\C)[C@@H](O[C@H]3C[C@H](OC)[C@@H](O[C@H]4C[C@H](OC)[C@@H](O)[C@H](C)O4)[C@H](C)O3)[C@@H](C)/C=C/C=C3\CO[C@@H]4[C@H](O)C(C)=C[C@@H](C(=O)O1)[C@]34O)O2,-5.013408,9.695982e-06,,,0,0,CC[C@H](C)[C@H]1O[C@]2(C=C[C@@H]1C)C[C@@H]1C[C@@H](C/C=C(\C)[C@@H](O[C@H]3C[C@H](OC)[C@@H](O[C@H]4C[C@H](OC)[C@@H]([NH2+]C)[C@H](C)O4)[C@H](C)O3)[C@@H](C)/C=C/C=C3\CO[C@@H]4[C@H](O)C(C)=C[C@@H](C(=O)O1)[C@]34O)O2.O=C([O-])c1ccccc1,0.98122525,0.22254395
C1=CC=C(C(=C1)C2=CC=C(C=C2)C(=O)O)C3=NNN=N3,2.8573324964312685,EC10,POP,O=C(O)c1ccc(-c2ccccc2-c2nn[nH]n2)cc1,0.878271,7.5556355,,,0,0,CC(C)(N)CO.CCCCCCCC/C=C\CCCCCCCC(=O)O,0.815218,0.47753733
CC(=O)N1CCN(CC1)C2=CC=C(C=C2)OC[C@@H]3CO[C@@](O3)(CN4C=CN=C4)C5=C(C=C(C=C5)Cl)Cl,2.8573324964312685,EC10,POP,CC(=O)N1CCN(c2ccc(OC[C@@H]3CO[C@@](Cn4ccnc4)(c4ccc(Cl)cc4Cl)O3)cc2)CC1,0.016130831,1.037841,,,1,1,CC(=O)N1CCN(c2ccc(OC[C@@H]3CO[C@@](Cn4ccnc4)(c4ccc(Cl)cc4Cl)O3)cc2)CC1,0.9999994,0.3401212
CC(C)NCC(COC1=CC=C(C=C1)CC(=O)O)O,2.8573324964312685,EC10,POP,CC(C)NCC(O)COc1ccc(CC(=O)O)cc1,0.32314804,2.1044955,,,0,0,COc1ccc(CC(=O)O)cc1,0.98195714,0.5645468
C[C@H]1[C@H]([C@@](C[C@@H](O1)O[C@@H]2[C@H]([C@@H]([C@H](O[C@H]2OC3=C4C=C5C=C3OC6=C(C=C(C=C6)[C@H]([C@H](C(=O)N[C@H](C(=O)N[C@H]5C(=O)N[C@@H]7C8=CC(=C(C=C8)O)C9=C(C=C(C=C9O)O)[C@H](NC(=O)[C@H]([C@@H](C1=CC(=C(O4)C=C1)Cl)O)NC7=O)C(=O)O)CC(=O)N)NC(=O)[C@@H](CC(C)C)NC)O)Cl)CO)O)O)(C)N)O,2.8573324964312685,EC10,POP,CN[C@H](CC(C)C)C(=O)N[C@H]1C(=O)N[C@@H](CC(N)=O)C(=O)N[C@H]2C(=O)N[C@H]3C(=O)N[C@H](C(=O)N[C@H](C(=O)O)c4cc(O)cc(O)c4-c4cc3ccc4O)[C@H](O)c3ccc(c(Cl)c3)Oc3cc2cc(c3O[C@@H]2O[C@H](CO)[C@@H](O)[C@H](O)[C@H]2O[C@H]2C[C@](C)(N)[C@H](O)[C@H](C)O2)Oc2ccc(cc2Cl)[C@H]1O,0.5954124,3.9392393,,,0,0,CCC(C)C(N)C1=NC(C(=O)NC(CC(C)C)C(=O)NC(CCC(=O)O)C(=O)NC(C(=O)NC2CCCCNC(=O)C(CC(N)=O)NC(=O)C(CC(=O)O)NC(=O)C(CC3C=NC=N3)NC(=O)C(Cc3ccccc3)NC(=O)C(C(C)CC)NC(=O)C(CCCN)NC2=O)C(C)CC)CS1.[Zn],0.851406,0.44289044
CCN1CCCC1CNC(=O)C2=CC(=C(C=C2OC)N)S(=O)(=O)CC,2.8573324964312685,EC10,POP,CCN1CCCC1CNC(=O)c1cc(S(=O)(=O)CC)c(N)cc1OC,0.5707589,3.7218502,,,0,0,CCCCC(CC)CNS(=O)(=O)c1ccc(N)cc1,0.86464906,0.52040315
C1COCCN1CCNC(=O)C2=CC=C(C=C2)Cl,2.8573324964312685,EC10,POP,O=C(NCCN1CCOCC1)c1ccc(Cl)cc1,-0.85000116,0.14125338,,,0,0,CCCC1COC(Cn2cncn2)(c2ccc(Cl)cc2Cl)O1,0.96057165,0.588216
C[C@@]1([C@H]2C[C@H]3[C@@H](C(=O)C(=C([C@]3(C(=O)C2=C(C4=C1C=CC=C4O)O)O)O)C(=O)N)N(C)C)O,2.8573324964312685,EC10,POP,CN(C)[C@@H]1C(=O)C(C(N)=O)=C(O)[C@@]2(O)C(=O)C3=C(O)c4c(O)cccc4[C@@](C)(O)[C@H]3C[C@@H]12,0.882587,7.631098,,,0,0,CN(C)[C@@H]1C(=O)/C(=C(\N)O)C(=O)[C@@]2(O)C(=O)C3=C(O)c4c(O)cccc4[C@@](C)(O)[C@H]3C[C@@H]12,0.98970103,0.4925397
CC1=C2C(=NC=C1)N(C3=C(C=CC=N3)C(=O)N2)C4CC4,2.8573324964312685,EC10,POP,Cc1ccnc2c1NC(=O)c1cccnc1N2C1CC1,1.1404711,13.818825,,,0,0,NNC(N)=O.[Cl-].[H+],0.9226489,0.5051666
C[C@@]1([C@H]2[C@@H]([C@H]3[C@@H](C(=O)C(=C([C@]3(C(=O)C2=C(C4=C1C=CC=C4O)O)O)O)C(=O)N)N(C)C)O)O,2.8573324964312685,EC10,POP,CN(C)[C@@H]1C(=O)C(C(N)=O)=C(O)[C@@]2(O)C(=O)C3=C(O)c4c(O)cccc4[C@@](C)(O)[C@H]3[C@H](O)[C@@H]12,0.8048793,6.3808613,,,0,0,CN(C)[C@@H]1C(=O)/C(=C(\N)O)C(=O)[C@@]2(O)C(=O)C3=C(O)c4c(O)cccc4[C@@](C)(O)[C@H]3[C@H](O)[C@@H]12.[Cl-].[H+],0.99135816,0.49959543
CC(=O)[C@H]1CC[C@@H]2[C@@]1(CC[C@H]3[C@H]2CCC4=CC(=O)CC[C@]34C)C,2.8573324964312685,EC10,POP,CC(=O)[C@H]1CC[C@H]2[C@@H]3CCC4=CC(=O)CC[C@]4(C)[C@H]3CC[C@]12C,-0.9904036,0.102234244,,,1,1,CC(=O)[C@H]1CC[C@H]2[C@@H]3CCC4=CC(=O)CC[C@]4(C)[C@H]3CC[C@]12C,1.0000004,0.24810503
CCOC(=O)[C@H](CCC1=CC=CC=C1)N[C@@H](C)C(=O)N2[C@H]3CCC[C@H]3C[C@H]2C(=O)O,2.8573324964312685,EC10,POP,CCOC(=O)[C@H](CCc1ccccc1)N[C@@H](C)C(=O)N1[C@H](C(=O)O)C[C@@H]2CCC[C@@H]21,0.5315539,3.4005873,,,0,0,C=C[C@H]1CN2CCC1C[C@@H]2[C@@H](O)c1ccnc2ccc(OC)cc12.O=S(=O)(O)O,0.86340183,0.5160035
C[C@@H]1[C@H]2[C@@H]([C@H]3[C@@H](C(=O)C(=C([C@]3(C(=O)C2=C(C4=C1C=CC=C4O)O)O)O)C(=O)N)N(C)C)O,2.8573324964312685,EC10,POP,C[C@H]1c2cccc(O)c2C(O)=C2C(=O)[C@]3(O)C(O)=C(C(N)=O)C(=O)[C@@H](N(C)C)[C@@H]3[C@@H](O)[C@@H]21,0.55218804,3.566055,,,0,0,CCN(CC)c1nc(Nc2ccc(/C=C/c3ccc(Nc4nc(Nc5cc(S(=O)(=O)[O-])ccc5S(=O)(=O)[O-])nc(N(CC)CC)n4)cc3S(=O)(=O)[O-])c(S(=O)(=O)[O-])c2)nc(Nc2cc(S(=O)(=O)[O-])ccc2S(=O)(=O)[O-])n1.[Na+].[Na+].[Na+].[Na+].[Na+].[Na+],0.9655172,0.5282075
C1=NC2=C(N1CCC(CO)CO)N=C(NC2=O)N,2.8573324964312685,EC10,POP,Nc1nc2c(ncn2CCC(CO)CO)c(=O)[nH]1,1.1480883,14.063335,,,0,0,O=C1Nc2cccnc2N(C(=O)CCl)c2ccccc21,0.96517867,0.50399065
C[C@]12CC[C@H]3[C@H]([C@@H]1CC[C@@H]2O)CCC4=CC(=O)CC[C@]34C,2.8573324964312685,EC10,POP,C[C@]12CC[C@H]3[C@@H](CCC4=CC(=O)CC[C@@]43C)[C@@H]1CC[C@@H]2O,-1.0510237,0.08891525,,,1,1,C[C@]12CC[C@H]3[C@@H](CCC4=CC(=O)CC[C@@]43C)[C@@H]1CC[C@@H]2O,1.0000001,0.59887296
C[C@@]1([C@H]2C[C@H]3[C@@H](C(=O)C(=C([C@]3(C(=O)C2=C(C4=C1C=CC=C4O)O)O)O)C(=O)NCNCCCC[C@@H](C(=O)O)N)N(C)C)O,2.8573324964312685,EC10,POP,CN(C)[C@@H]1C(=O)C(C(=O)NCNCCCC[C@H](N)C(=O)O)=C(O)[C@@]2(O)C(=O)C3=C(O)c4c(O)cccc4[C@@](C)(O)[C@H]3C[C@@H]12,0.78312236,6.069073,,,0,0,CN(C)[C@@H]1C(=O)/C(=C(\N)O)C(=O)[C@@]2(O)C(=O)C3=C(O)c4c(O)cccc4[C@@](C)(O)[C@H]3[C@H](O)[C@@H]12.[Cl-].[H+],0.9871294,0.5036501
CCCC(C)C1(C(=O)NC(=O)NC1=O)CC,2.8573324964312685,EC10,POP,CCCC(C)C1(CC)C(=O)NC(=O)NC1=O,1.7236933,52.928947,,,0,0,O=S(=O)(O)O,0.93365896,0.30553734
CC1COC2=C3N1C=C(C(=O)C3=CC(=C2N4CCN(CC4)C)F)C(=O)O,2.8573324964312685,EC10,POP,CC1COc2c(N3CCN(C)CC3)c(F)cc3c(=O)c(C(=O)O)cn1c23,0.33073354,2.141576,,,0,0,CC1COc2c(N3CCN(C)CC3)c(F)cc3c(=O)c(C(=O)O)cn1c23,1.0000002,0.5917016
C[C@]12CCC(=O)C[C@@H]1CC[C@@H]3[C@@H]2CC[C@]4([C@H]3CC[C@@H]4O)C,2.8573324964312685,EC10,POP,C[C@]12CC[C@H]3[C@@H](CC[C@H]4CC(=O)CC[C@@]43C)[C@@H]1CC[C@@H]2O,-1.1436261,0.07184125,,,0,0,C[C@]12CC[C@H]3[C@@H](CCC4=CC(=O)CC[C@@]43C)[C@@H]1CC[C@@H]2O,0.9922427,0.58571076
C1CC2=CC=CC=C2N(C3=CC=CC=C31)C(=O)N,2.8573324964312685,EC10,POP,NC(=O)N1c2ccccc2CCc2ccccc21,-1.4364309,0.036607414,,,0,0,CC1=NNC(=O)N(/N=C/c2cccnc2)C1,0.91907746,0.54450685
CC1=C(C(=O)N(N1C)C2=CC=CC=C2)NC=O,2.8573324964312685,EC10,POP,Cc1c(NC=O)c(=O)n(-c2ccccc2)n1C,-0.86311114,0.1370531,,,0,0,CCC(=O)OCCc1ccccc1,0.71616155,0.42990857
CCCCC1=NC(=C(N1CC2=CC=C(C=C2)C3=CC=CC=C3C4=NNN=N4)CO)Cl,2.8573324964312685,EC10,POP,CCCCc1nc(Cl)c(CO)n1Cc1ccc(-c2ccccc2-c2nn[nH]n2)cc1,1.3328228,21.519035,,,0,0,CCOc1nc2cccc(C(=O)O)c2n1Cc1ccc(-c2ccccc2-c2nn[nH]n2)cc1,0.92842513,0.41204494
CC1=C(C(=O)N(N1C)C2=CC=CC=C2)NC(=O)C,2.8573324964312685,EC10,POP,CC(=O)Nc1c(C)n(C)n(-c2ccccc2)c1=O,-1.6966907,0.020105243,,,0,0,Cn1c(=O)c2c(ncn2C)n(C)c1=O,0.78723043,0.44502747
CN(C)CC(C1=CC=C(C=C1)O)C2(CCCCC2)O,2.8573324964312685,EC10,POP,CN(C)CC(c1ccc(O)cc1)C1(O)CCCCC1,-0.68334967,0.20732436,,,0,0,CC(C=O)Cc1ccc2c(c1)OCO2,0.9244995,0.5706546
CC(C1=CC(=CC=C1)OC2=CC=CC=C2)C(=O)O,2.8573324964312685,EC10,POP,CC(C(=O)O)c1cccc(Oc2ccccc2)c1,-1.346949,0.044983268,,,0,0,COc1ccc2cc(C(C)=O)ccc2c1,0.7862035,0.4932337
C1CNP(=O)(OC1)N(CCCl)CCCl  ,2.8573324964312685,EC10,POP,O=P1(N(CCCl)CCCl)NCCCO1,-0.20027411,0.6305592,,,0,0,O=CNC(N1CCN(C(NC=O)C(Cl)(Cl)Cl)CC1)C(Cl)(Cl)Cl,0.7678908,0.52566195
C1CCNC(C1)C(C2=CC=CC=C2)C(=O)O,2.8573324964312685,EC10,POP,O=C(O)C(c1ccccc1)C1CCCCN1,0.65845865,4.5546885,,,0,0,CN(C1CCCCC1)C1CCCCC1,0.78657246,0.4257648
CC/C(=C(\C1=CC=CC=C1)/C2=CC=C(C=C2)OCCN(C)C)/C3=CC=CC=C3,2.8573324964312685,EC10,POP,CC/C(=C(\c1ccccc1)c1ccc(OCCN(C)C)cc1)c1ccccc1,-0.99872404,0.10029423,,,0,0,C=C1CC[C@H]2C[C@@H]1C2(C)C,0.96060854,0.5232609
C1CN=C(N1)NC2=C(C=CC3=NSN=C32)Cl,2.8573324964312685,EC10,POP,Clc1ccc2nsnc2c1NC1=NCCN1,-0.4812461,0.33018237,,,0,0,Nc1cccc(N)c1,0.847111,0.56356865
CC(C)C(CCCN(C)CCC1=CC(=C(C=C1)OC)OC)(C#N)C2=CC(=C(C=C2)OC)OC,2.8573324964312685,EC10,POP,COc1ccc(CCN(C)CCCC(C#N)(c2ccc(OC)c(OC)c2)C(C)C)cc1OC,-0.1322791,0.73743016,,,0,0,COc1ccc(CCN(C)CCCC(C#N)(c2ccc(OC)c(OC)c2)C(C)C)cc1OC,0.99999976,0.61816466
C[C@]12CC[C@H](C[C@@H]1CC[C@@H]3[C@@H]2CC[C@]4([C@H]3CCC4=O)C)O,2.8573324964312685,EC10,POP,C[C@]12CC[C@H]3[C@@H](CC[C@H]4C[C@H](O)CC[C@@]43C)[C@@H]1CCC2=O,0.023959966,1.05672,,,0,0,C[C@]12CC[C@@H]3[C@H]4CCC(=O)C=C4CC[C@H]3[C@@H]1CCC2=O,0.95562875,0.6052697
C1CCC(CC1)(CC(=O)O)CN,2.8573324964312685,EC10,POP,NCC1(CC(=O)O)CCCCC1,1.0147568,10.345626,,,0,0,NCCCCNCCO,0.97256243,0.50744045
CC1=CN(C(=O)NC1=O)[C@H]2C[C@@H]([C@H](O2)CO)N=[N+]=[N-],2.8573324964312685,EC10,POP,Cc1cn([C@H]2C[C@H](N=[N+]=[N-])[C@@H](CO)O2)c(=O)[nH]c1=O,1.3226316,21.019947,,,0,0,O.O.O.O=C([O-])CN(CCN(CC(=O)[O-])CC(=O)O)CC(=O)[O-].[Na+].[Na+].[Na+],0.9211689,0.44250488
CCOC1=NC=C(C2=C1[C@@H](C(=C(N2)C)C(=O)N)C3=C(C=C(C=C3)C#N)OC)C,2.8573324964312685,EC10,POP,CCOc1ncc(C)c2c1[C@H](c1ccc(C#N)cc1OC)C(C(N)=O)=C(C)N2,-1.0530635,0.088498615,,,0,0,O.O=C1Cc2cc(CCN3CCN(c4nsc5ccccc45)CC3)c(Cl)cc2N1.[Cl-].[H+],0.3419368,0.022545923
CN(C)C(=N)N=C(N)N,2.8573324964312685,EC10,POP,CN(C)C(=N)N=C(N)N,0.75722903,5.7178006,,,0,0,CN(C)C(=N)N=C(N)N,0.9999995,0.5399051
C[C@]12CC[C@H]3[C@H]([C@@H]1CCC2=O)CC=C4[C@@]3(CC[C@@H](C4)O)C,2.8573324964312685,EC10,POP,C[C@]12CC[C@H]3[C@@H](CC=C4C[C@@H](O)CC[C@@]43C)[C@@H]1CCC2=O,-0.21656467,0.6073448,,,0,0,O=S(=O)(O)c1cc(S(=O)(=O)O)c2[n-]c(-c3ccc(-c4nc5c(S(=O)(=O)O)cc(S(=O)(=O)O)cc5[n-]4)cc3)nc2c1.[Na+].[Na+],0.804737,0.4973174
C1=CN=C(N=C1)NS(=O)(=O)C2=CC=C(C=C2)N,2.8573324964312685,EC10,POP,Nc1ccc(S(=O)(=O)Nc2ncccn2)cc1,0.90110654,7.9635468,,,1,0,Nc1ccc(S(=O)(=O)Nc2ncccn2)cc1,1.0000002,0.46668357
CC1=C(C(=O)N(N1C)C2=CC=CC=C2)N,2.8573324964312685,EC10,POP,Cc1c(N)c(=O)n(-c2ccccc2)n1C,-0.33813843,0.45905167,,,0,0,Cc1cc(N)n(-c2ccccc2)n1,0.8858466,0.53575325
C[C@@]12[C@@]3([C@]([C@]4([C@](C)(CC3)[C@H](O)CC4)[H])(CCC1=CC(=O)CC2)[H])[H],2.8573324964312685,EC10,POP,C[C@]12CC[C@H]3[C@@H](CCC4=CC(=O)CC[C@@]43C)[C@@H]1CC[C@H]2O,-0.99095505,0.102104515,,,0,0,C[C@]12CC[C@H]3[C@@H](CCC4=CC(=O)CC[C@@]43C)[C@@H]1CC[C@@H]2O,0.9985684,0.60030323
CC(C)NCC(C1=CC=C(C=C1)NS(=O)(=O)C)O,2.8573324964312685,EC10,POP,CC(C)NCC(O)c1ccc(NS(C)(=O)=O)cc1,0.73482794,5.4303513,,,0,0,CC(C)OCCCN,0.960971,0.53507423
CC(C)NCC(COC1=CC=C(C=C1)CC(=O)N)O,2.8573324964312685,EC10,POP,CC(C)NCC(O)COc1ccc(CC(N)=O)cc1,0.749076,5.6114616,,,1,0,CC(C)NCC(O)COc1ccc(CC(N)=O)cc1,1.0,0.532591
C[C@]12CC[C@H]3[C@H]([C@@H]1CC[C@@H]2OC(=O)CCC4CCCC4)CCC5=CC(=O)CC[C@]35C,2.8573324964312685,EC10,POP,C[C@]12CC[C@H]3[C@@H](CCC4=CC(=O)CC[C@@]43C)[C@@H]1CC[C@@H]2OC(=O)CCC1CCCC1,-0.47744215,0.33308715,,,0,0,O.O.O.O.O.O.O[B-]1(O)OO[B-](O)(O)OO1.[Na+].[Na+],0.9456898,0.59387636
CN(C)CC(C1=CC=C(C=C1)OC)C2(CCCCC2)O,2.8573324964312685,EC10,POP,COc1ccc(C(CN(C)C)C2(O)CCCCC2)cc1,0.5693573,3.709858,,,0,0,COc1ccc(C(CN(C)C)C2(O)CCCCC2)cc1.[Cl-].[H+],0.9698684,0.5564862
C1=CC=C2C(=C1)C(C(C3=CC=CC=C3N2C(=O)N)O)O,2.8573324964312685,EC10,POP,NC(=O)N1c2ccccc2C(O)C(O)c2ccccc21,1.7013829,50.278564,,,0,0,CC(O)CNCC(C)O,0.95502794,0.40945226
CCOC1=NC2=CC=CC(=C2N1CC3=CC=C(C=C3)C4=CC=CC=C4C5=NNN=N5)C(=O)O ,2.8573324964312685,EC10,POP,CCOc1nc2cccc(C(=O)O)c2n1Cc1ccc(-c2ccccc2-c2nn[nH]n2)cc1,1.6698148,46.753574,,,1,0,CCOc1nc2cccc(C(=O)O)c2n1Cc1ccc(-c2ccccc2-c2nn[nH]n2)cc1,1.0000002,0.389218
CC[C@@H](C(=O)N)N1CCCC1=O,2.8573324964312685,EC10,POP,CC[C@@H](C(N)=O)N1CCCC1=O,1.4995837,31.59248,,,0,0,CC1=C(C(=O)Nc2ccccc2)S(=O)CCO1,0.90716493,0.43041483
CCN(CC)CC(=O)NC1=C(C=CC=C1C)C,2.8573324964312685,EC10,POP,CCN(CC)CC(=O)Nc1c(C)cccc1C,0.5874176,3.8673868,,,0,0,CCNc1ccccc1C,0.9410485,0.5832146
COC1=C2C(=CC(=C1N3C[C@@H]4CCCN[C@@H]4C3)F)C(=O)C(=CN2C5CC5)C(=O)O.Cl ,2.8573324964312685,EC10,POP,COc1c(N2C[C@@H]3CCCN[C@@H]3C2)c(F)cc2c(=O)c(C(=O)O)cn(C3CC3)c12.Cl,0.29771248,1.9847804,,,0,0,CC1COc2c(N3CCN(C)CC3)c(F)cc3c(=O)c(C(=O)O)cn1c23,0.913788,0.5705491
CC[C@@H]1[C@@]([C@@H]([C@H](C(=O)[C@@H](C[C@@]([C@@H]([C@H]([C@@H]([C@H](C(=O)O1)C)O[C@H]2C[C@@]([C@H]([C@@H](O2)C)O)(C)OC)C)O[C@H]3[C@@H]([C@H](C[C@H](O3)C)N(C)C)O)(C)O)C)C)O)(C)O.O.O,2.8573324964312685,EC10,POP,CC[C@H]1OC(=O)[C@H](C)[C@@H](O[C@H]2C[C@@](C)(OC)[C@@H](O)[C@H](C)O2)[C@H](C)[C@@H](O[C@@H]2O[C@H](C)C[C@H](N(C)C)[C@H]2O)[C@](C)(O)C[C@@H](C)C(=O)[C@H](C)[C@@H](O)[C@]1(C)O.O.O,0.7554831,5.6948605,,,0,0,CC[C@H]1OC(=O)[C@H](C)[C@@H](O[C@H]2C[C@@](C)(OC)[C@@H](O)[C@H](C)O2)[C@H](C)[C@@H](O[C@@H]2O[C@H](C)C[C@H](N(C)C)[C@H]2O)[C@](C)(O)C[C@@H](C)C(=O)[C@H](C)[C@@H](O)[C@]1(C)O,0.99999976,0.50240326
C1CN2C(=NN=C2C(F)(F)F)CN1C(=O)C[C@@H](CC3=CC(=C(C=C3F)F)F)N,2.8573324964312685,EC10,POP,N[C@@H](CC(=O)N1CCn2c(nnc2C(F)(F)F)C1)Cc1cc(F)c(F)cc1F,-1.101215,0.07921091,,,0,0,CCOC(=O)COc1cc(-n2ncc(C(F)(F)F)c(C)c2=O)c(F)cc1Cl,0.5212947,0.22750247
CCCC1=NC2=C(N1CC3=CC=C(C=C3)C4=CC=CC=C4C(=O)O)C=C(C=C2C)C5=NC6=CC=CC=C6N5C,2.8573324964312685,EC10,POP,CCCc1nc2c(C)cc(-c3nc4ccccc4n3C)cc2n1Cc1ccc(-c2ccccc2C(=O)O)cc1,-0.2915749,0.5110049,,,0,0,O=c1c2ccc3c(=O)n4c5ccccc5nc4c4ccc(c2c34)c2nc3ccccc3n12,0.75928295,0.38547242
CCCCC(=O)N(CC1=CC=C(C=C1)C2=CC=CC=C2C3=NNN=N3)[C@@H](C(C)C)C(=O)O,2.8573324964312685,EC10,POP,CCCCC(=O)N(Cc1ccc(-c2ccccc2-c2nn[nH]n2)cc1)[C@H](C(=O)O)C(C)C,0.69340134,4.9362974,,,1,0,CCCCC(=O)N(Cc1ccc(-c2ccccc2-c2nn[nH]n2)cc1)[C@H](C(=O)O)C(C)C,1.0,0.42067623
C1C(C2=CC=CC=C2N(C3=CC=CC=C31)C(=O)N)O,2.8573324964312685,EC10,POP,NC(=O)N1c2ccccc2CC(O)c2ccccc21,-0.67139035,0.21311286,,,0,0,CC1=NNC(=O)N(/N=C/c2cccnc2)C1,0.9479563,0.54359293
COC1=CC=C(C=C1)C(CN)C2(CCCCC2)O,2.8573324964312685,EC10,POP,COc1ccc(C(CN)C2(O)CCCCC2)cc1,0.41115496,2.5772405,,,0,0,CC(O)CN(C)C,0.9721464,0.581468
C[C@]12CC[C@H]3[C@H]([C@@H]1CC[C@H]2O)CCC4=C3C=CC(=C4)O ,2.8573324964312685,EC10,POP,C[C@]12CC[C@@H]3c4ccc(O)cc4CC[C@H]3[C@@H]1CC[C@H]2O,-1.6478245,0.022499634,,,0,0,C[C@]12CC[C@@H]3c4ccc(O)cc4CC[C@H]3[C@@H]1CC[C@@H]2O,0.999671,0.567532
CNCC(C1=CC=C(C=C1)OC)C2(CCCCC2)O,2.8573324964312685,EC10,POP,CNCC(c1ccc(OC)cc1)C1(O)CCCCC1,-0.19277237,0.6415457,,,0,0,c1ccc(C2CO2)cc1,0.9166211,0.59228075
C[C@]12CC[C@H]3[C@H]([C@@H]1C[C@H]([C@@H]2O)O)CCC4=C3C=CC(=C4)O,2.8573324964312685,EC10,POP,C[C@]12CC[C@@H]3c4ccc(O)cc4CC[C@H]3[C@@H]1C[C@@H](O)[C@@H]2O,-1.6839806,0.02070234,,,0,0,C[C@]12CC[C@@H]3c4ccc(O)cc4CC[C@H]3[C@@H]1CC[C@@H]2O,0.9976819,0.567433
CC1=C(ON=C1C)NS(=O)(=O)C2=CC=C(C=C2)N,2.8573324964312685,EC10,POP,Cc1noc(NS(=O)(=O)c2ccc(N)cc2)c1C,0.7094012,5.121547,,,0,0,Cc1ccnc(NS(=O)(=O)c2ccc(N)cc2)n1,0.9659953,0.4918283
CCCCC1=NC2(CCCC2)C(=O)N1CC3=CC=C(C=C3)C4=CC=CC=C4C5=NNN=N5  ,2.8573324964312685,EC10,POP,CCCCC1=NC2(CCCC2)C(=O)N1Cc1ccc(-c2ccccc2-c2nn[nH]n2)cc1,0.5206018,3.315903,,,0,0,CCOc1nc2cccc(C(=O)O)c2n1Cc1ccc(-c2ccccc2-c2nn[nH]n2)cc1,0.76709795,0.43694177
CCCC1=NC(=C2N1N=C(NC2=O)C3=C(C=CC(=C3)S(=O)(=O)N4CCNCC4)OCC)C,2.8573324964312685,EC10,POP,CCCc1nc(C)c2c(=O)[nH]c(-c3cc(S(=O)(=O)N4CCNCC4)ccc3OCC)nn12,1.1939477,15.629593,,,0,0,CC(=O)NC[C@H]1CN(c2ccc(N3CCOCC3)c(F)c2)C(=O)O1,0.8022576,0.40669727
C[C@H]1[C@@](OCC(N1)(C)C)(C2=CC(=CC=C2)Cl)O.Cl,2.8573324964312685,EC10,POP,C[C@@H]1NC(C)(C)CO[C@@]1(O)c1cccc(Cl)c1.Cl,-0.8889132,0.12914774,,,0,0,CN1C(C)(C)CC(O)CC1(C)C,0.9256356,0.6052636
CC1=CC(=NO1)N([C@H]2[C@H]([C@H]([C@@H](C(O2)C(=O)O)O)O)O)S(=O)(=O)C3=CC=C(C=C3)N,2.8573324964312685,EC10,POP,Cc1cc(N([C@@H]2OC(C(=O)O)[C@@H](O)[C@H](O)[C@@H]2O)S(=O)(=O)c2ccc(N)cc2)no1,0.41424438,2.5956397,,,0,0,O=[N+]([O-])c1ccc(/C=C/c2ccc([N+](=O)[O-])cc2S(=O)(=O)[O-])c(S(=O)(=O)[O-])c1.[Na+].[Na+],0.9315945,0.5174049
C1CCC(CC1)(C(CN)C2=CC=C(C=C2)O)O,2.8573324964312685,EC10,POP,NCC(c1ccc(O)cc1)C1(O)CCCCC1,1.1134825,12.986212,,,0,0,O=C(c1ccccc1)C1(O)CCCCC1,0.8942704,0.47854918
CCN1CCCC1CNC(=O)C2=C(C=CC(=C2)S(=O)(=O)N)OC ,2.8573324964312685,EC10,POP,CCN1CCCC1CNC(=O)c1cc(S(N)(=O)=O)ccc1OC,0.20166951,1.5909976,,,0,0,O=C1CCCN1,0.78542525,0.46780944
CC(C)C(CCCNC)(C#N)C1=CC(=C(C=C1)OC)OC  ,2.8573324964312685,EC10,POP,CNCCCC(C#N)(c1ccc(OC)c(OC)c1)C(C)C,-0.6763319,0.21070175,,,0,0,CNCC(O)c1cccc(O)c1.[Cl-].[H+],0.7902556,0.4822189
CN1CC(=O)N2[C@@H](C1=O)CC3=C([C@H]2C4=CC5=C(C=C4)OCO5)NC6=CC=CC=C36,2.8573324964312685,EC10,POP,CN1CC(=O)N2[C@H](Cc3c([nH]c4ccccc34)[C@H]2c2ccc3c(c2)OCO3)C1=O,-1.4013761,0.03968477,,,0,0,O.O=C1Cc2cc(CCN3CCN(c4nsc5ccccc45)CC3)c(Cl)cc2N1.[Cl-].[H+],0.5963187,0.022126913
CCCC1=NN(C2=C1N=C(NC2=O)C3=C(C=CC(=C3)S(=O)(=O)N4CCNCC4)OCC)C,2.8573324964312685,EC10,POP,CCCc1nn(C)c2c(=O)[nH]c(-c3cc(S(=O)(=O)N4CCNCC4)ccc3OCC)nc12,1.1558297,14.316263,,,0,0,Cc1ccn2nc(S(=O)(=O)Nc3c(F)cccc3F)nc2n1,0.6927322,0.2772546
CCCC1=NC(=C2N1N=C(NC2=O)C3=C(C=CC(=C3)S(=O)(=O)N4CCN(CC4)CC)OCC)C ,2.8573324964312685,EC10,POP,CCCc1nc(C)c2c(=O)[nH]c(-c3cc(S(=O)(=O)N4CCN(CC)CC4)ccc3OCC)nn12,1.4301535,26.924862,,,0,0,CC(=O)NC[C@H]1CN(c2ccc(N3CCOCC3)c(F)c2)C(=O)O1,0.90088135,0.39344656
COC1=NC(=NC(=C1)NS(=O)(=O)C2=CC=C(C=C2)N)OC ,2.8573324964312685,EC10,POP,COc1cc(NS(=O)(=O)c2ccc(N)cc2)nc(OC)n1,0.45102644,2.825052,,,0,0,COc1cc(NS(=O)(=O)c2ccc(N)cc2)nc(OC)n1,0.9999999,0.4922943
COC1=C(N=CN=C1OC)NS(=O)(=O)C2=CC=C(C=C2)N  ,2.8573324964312685,EC10,POP,COc1ncnc(NS(=O)(=O)c2ccc(N)cc2)c1OC,0.5508094,3.5547526,,,0,0,Cc1ccnc(NS(=O)(=O)c2ccc(N)cc2)n1,0.97847295,0.51302105
CC1=NC(=NC=C1)NS(=O)(=O)C2=CC=C(C=C2)N ,2.8573324964312685,EC10,POP,Cc1ccnc(NS(=O)(=O)c2ccc(N)cc2)n1,0.93471295,8.604248,,,0,0,Cc1ccnc(NS(=O)(=O)c2ccc(N)cc2)n1,0.9999999,0.4726479
C1=CC(=CC=C1N)S(=O)(=O)NC2=NC=CS2 ,2.8573324964312685,EC10,POP,Nc1ccc(S(=O)(=O)Nc2nccs2)cc1,0.9570735,9.058859,,,1,0,Nc1ccc(S(=O)(=O)Nc2nccs2)cc1,1.0000001,0.47688955
CCN(CC)CCSCC(=O)O[C@@H]1C[C@@]([C@H]([C@@H]([C@@]23CC[C@H]([C@@]1([C@@H]2C(=O)CC3)C)C)C)O)(C)C=C.C(=C/C(=O)O)\C(=O)O ,2.8573324964312685,EC10,POP,C=C[C@]1(C)C[C@@H](OC(=O)CSCCN(CC)CC)[C@]2(C)[C@H](C)CC[C@]3(CCC(=O)[C@H]32)[C@@H](C)[C@@H]1O.O=C(O)/C=C/C(=O)O,0.6752813,4.734578,,,0,0,C=C[C@]1(C)C[C@@H](OC(=O)CSCCN(CC)CC)C2(C)[C@H]3C(=O)CCC3(CC[C@H]2C)[C@@H](C)[C@@H]1O.O=C(O)/C=C/C(=O)O,0.9913946,0.5215097
CC1=NC=C(N1CCO)[N+](=O)[O-] ,2.8573324964312685,EC10,POP,Cc1ncc([N+](=O)[O-])n1CCO,2.2020652,159.24478,,,1,0,Cc1ncc([N+](=O)[O-])n1CCO,0.9999999,0.27061018
CNCC(C1=CC=C(C=C1)O)C2(CCCCC2)O,2.8573324964312685,EC10,POP,CNCC(c1ccc(O)cc1)C1(O)CCCCC1,0.092210956,1.236548,,,0,0,C1CC(COCC2CO2)CCC1COCC1CO1,0.8843411,0.56539714
C1=CC=C(C(=C1)CC(=O)O)NC2=C(C=C(C=C2Cl)O)Cl ,2.8573324964312685,EC10,POP,O=C(O)Cc1ccccc1Nc1c(Cl)cc(O)cc1Cl,-0.29115638,0.5114976,,,0,0,O=C(O)Cc1ccccc1Nc1c(Cl)cccc1Cl,0.9960135,0.58791465
C1=COC(=C1)CNC2=CC(=C(C=C2C(=O)O)S(=O)(=O)N)Cl ,2.8573324964312685,EC10,POP,NS(=O)(=O)c1cc(C(=O)O)c(NCc2ccco2)cc1Cl,1.3110272,20.465725,,,0,0,CS(=O)(=O)c1ccc(C(=O)O)c([N+](=O)[O-])c1,0.96240246,0.497076
COC1=CC(=C(C(=C1)OC)C(=O)CCCN2CCCC2)OC,2.8573324964312685,EC10,POP,COc1cc(OC)c(C(=O)CCCN2CCCC2)c(OC)c1,-0.87985176,0.13187067,,,0,0,CCCCOC(=O)[C@@H](C)Oc1ccc(Oc2ccc(C(F)(F)F)cn2)cc1,0.91692066,0.5670528
CN(C)CC(C1=CC=C(C=C1)O)C2(CCCCC2)O.Cl ,2.8573324964312685,EC10,POP,CN(C)CC(c1ccc(O)cc1)C1(O)CCCCC1.Cl,-0.45648214,0.3495569,,,0,0,CC(C=O)Cc1ccc2c(c1)OCO2,0.8896245,0.53917325
C1=CC=C2C(=C1)C3C(O3)C4=CC=CC=C4N2C(=O)N,2.8573324964312685,EC10,POP,NC(=O)N1c2ccccc2C2OC2c2ccccc21,-1.6202768,0.023973046,,,0,0,NC(=O)N1c2ccccc2C=Cc2ccccc21,0.8645557,0.5088053
CCCCC1=NC(=C(N1CC2=CC=C(C=C2)C3=CC=CC=C3C4=NN=N[N-]4)CO)Cl.[K+]  ,2.8573324964312685,EC10,POP,CCCCc1nc(Cl)c(CO)n1Cc1ccc(-c2ccccc2-c2nnn[n-]2)cc1.[K+],0.6679087,4.6548824,,,0,0,[Na+].c1nnc[n-]1,0.8680897,0.48278797
C(=NC(=O)N)(N)N,2.8573324964312685,EC10,POP,NC(=O)N=C(N)N,1.087539,12.233169,,,0,0,NC(=S)N=C(N)N,0.980799,0.48229364
C1=CC=C(C(=C1)O)O,2.8573324964312685,EC10,POP,Oc1ccccc1O,0.029163852,1.0694582,,,1,0,Oc1ccccc1O,0.9999999,0.49943706
C1=CC(=C(C(=C1)O)O)O,2.8573324964312685,EC10,POP,Oc1cccc(O)c1O,-1.3542919,0.044229098,,,0,0,Oc1cccc(O)c1,0.98221195,0.5553772
C1=CC=C(C=C1)NN,2.8573324964312685,EC10,POP,NNc1ccccc1,-1.3943303,0.040333852,,,0,0,CCNc1ccccc1,0.97754973,0.46655497
CN1C(=C(C2=CC=CC=C2S1(=O)=O)O)C(=O)NC3=CC=CC=N3  ,2.8573324964312685,EC10,POP,CN1C(C(=O)Nc2ccccn2)=C(O)c2ccccc2S1(=O)=O,0.2990592,1.9909447,,,0,0,O=C(Cl)/C=C/C(=O)Cl,0.8520262,0.4983998
CC1=C(C(=O)N(N1C)C2=CC=CC=C2)C(C)C,2.8573324964312685,EC10,POP,Cc1c(C(C)C)c(=O)n(-c2ccccc2)n1C,-0.58239305,0.26158145,,,0,0,CNC(=O)N(c1ccccc1)c1ccccc1,0.7038604,0.42572027
CC(=O)NC1=CC=C(C=C1)O,2.8573324964312685,EC10,POP,CC(=O)Nc1ccc(O)cc1,0.79933673,6.2999444,,,1,1,CC(=O)Nc1ccc(O)cc1,1.0,0.5160315
C1CC(CCC1NCC2=C(C(=CC(=C2)Br)Br)N)O,2.8573324964312685,EC10,POP,Nc1c(Br)cc(Br)cc1CNC1CCC(O)CC1,-1.2138515,0.0611151,,,0,0,NC1CCC(CC2CCC(N)CC2)CC1,0.84330577,0.5295375
CC1=NN=C(S1)SCC2=C(N3[C@@H]([C@@H](C3=O)NC(=O)CN4C=NN=N4)SC2)C(=O)O,2.8573324964312685,EC10,POP,Cc1nnc(SCC2=C(C(=O)O)N3C(=O)[C@@H](NC(=O)Cn4cnnn4)[C@H]3SC2)s1,0.36179575,2.3003597,,,0,0,CCOC(=O)/C(=N/Nc1ccc([N+](=O)[O-])cc1)C(=O)c1nn2c(nc(=O)c3ccccc32)s1,0.75315493,0.41322225
C1CN(CC2=C1SC=C2)[C@@H](C3=CC=CC=C3Cl)C(=O)O,2.8573324964312685,EC10,POP,O=C(O)[C@H](c1ccccc1Cl)N1CCc2sccc2C1,-1.6611199,0.021821272,,,0,0,O=C(NC(=O)c1c(F)cccc1F)Nc1ccc(OC(F)(F)C(F)OC(F)(F)F)c(Cl)c1,0.36860415,0.13103095
C1=CC=NC(=C1)NS(=O)(=O)C2=CC=C(C=C2)N,2.8573324964312685,EC10,POP,Nc1ccc(S(=O)(=O)Nc2ccccn2)cc1,0.81160367,6.4804277,,,0,0,Nc1ccc(S(=O)(=O)Nc2nccs2)cc1,0.99005604,0.49216825
CCCC(C)C1(C(=O)NC(=S)NC1=O)CC  ,2.8573324964312685,EC10,POP,CCCC(C)C1(CC)C(=O)NC(=S)NC1=O,0.8087685,6.43826,,,0,0,CC1(C)C(=O)N(CO)C(=O)N1CO,0.7593427,0.42741096
C1=CC(=CC=C1[C@H]([C@@H](CO)NC(=O)C(Cl)Cl)O)[N+](=O)[O-] ,2.8573324964312685,EC10,POP,O=C(N[C@H](CO)[C@H](O)c1ccc([N+](=O)[O-])cc1)C(Cl)Cl,1.389191,24.501408,,,0,0,OCC(O)CCl,0.8767303,0.37501
C1=CC(=C(C=C1Cl)Cl)COC(CN2C=CN=C2)C3=C(C=C(C=C3)Cl)Cl,2.8573324964312685,EC10,POP,Clc1ccc(COC(Cn2ccnc2)c2ccc(Cl)cc2Cl)c(Cl)c1,-0.6921275,0.20317604,,,0,0,C=CCOC(Cn1ccnc1)c1ccc(Cl)cc1Cl,0.9565744,0.5378199
COC1=C(C=C(C=C1)[N+](=O)[O-])N ,2.8573324964312685,EC10,POP,COc1ccc([N+](=O)[O-])cc1N,1.9320513,85.51678,,,1,0,COc1ccc([N+](=O)[O-])cc1N,1.0,0.34605014
CC[C@H](CC[C@@H](C)[C@H]1CC[C@@H]2[C@@]1(CC[C@H]3[C@H]2CC=C4[C@@]3(CC[C@@H](C4)O)C)C)C(C)C  ,2.8573324964312685,EC10,POP,CC[C@H](CC[C@@H](C)[C@H]1CC[C@H]2[C@@H]3CC=C4C[C@@H](O)CC[C@]4(C)[C@H]3CC[C@@]21C)C(C)C,-1.580709,0.026259776,,,0,0,CC[C@]12CC[C@@H]3C4=C(CC[C@H]3[C@@H]1CC[C@@H]2O)CC(OC)=CC4,0.98869586,0.5240729
CN1CC[C@]23[C@@H]4[C@H]1CC5=C2C(=C(C=C5)OC)O[C@H]3[C@H](CC4)O,2.8573324964312685,EC10,POP,COc1ccc2c3c1O[C@H]1[C@@H](O)CC[C@H]4[C@@H](C2)N(C)CC[C@]314,-1.1892534,0.06467651,,,0,0,C/C=C(\C)C(=O)O[C@H]1C[C@@H](OC(C)=O)[C@@]2(C(=O)OC)CO[C@H]3[C@@H](O)[C@@](C)([C@]45O[C@@]4(C)[C@H]4C[C@@H]5O[C@@H]5OC=C[C@@]54O)[C@@H]4[C@@](O)(C(=O)OC)OC[C@@]14[C@@H]32,0.9541231,0.61070704
CN1CC[C@]23[C@@H]4[C@H]1CC5=C2C(=C(C=C5)OC)O[C@H]3[C@H](C=C4)O,2.8573324964312685,EC10,POP,COc1ccc2c3c1O[C@H]1[C@@H](O)C=C[C@H]4[C@@H](C2)N(C)CC[C@]314,-0.9954538,0.10105231,,,0,0,[Fe],0.95687205,0.6170356
C1=CC(=CC=C1N)S(=O)(=O)C2=CC=C(C=C2)N  ,2.8573324964312685,EC10,POP,Nc1ccc(S(=O)(=O)c2ccc(N)cc2)cc1,0.10479217,1.2728938,,,0,0,O=S(Cc1ccccc1)Cc1ccccc1,0.9620421,0.58748823
CN(C)C[C@H]1CCCC[C@@]1(C2=CC(=CC=C2)OC)O  ,2.8573324964312685,EC10,POP,COc1cccc([C@@]2(O)CCCC[C@@H]2CN(C)C)c1,0.83031607,6.765752,,,0,0,COc1cccc([C@@]2(O)CCCC[C@@H]2CN(C)C)c1.[Cl-].[H+],0.9725639,0.544042
C1=CC=C(C=C1)C2=NC(C(=O)NC3=C2C=C(C=C3)Cl)O  ,2.8573324964312685,EC10,POP,O=C1Nc2ccc(Cl)cc2C(c2ccccc2)=NC1O,-1.5834181,0.026096476,,,0,0,c1ccc(C(c2ccccc2)(c2ccccc2)N2CCOCC2)cc1,0.73745,0.262577
CC1=CC(=NO1)NS(=O)(=O)C2=CC=C(C=C2)NC(=O)C,2.8573324964312685,EC10,POP,CC(=O)Nc1ccc(S(=O)(=O)Nc2cc(C)on2)cc1,0.9112859,8.152408,,,0,0,CC(=O)Nc1ccc(S(=O)(=O)Cl)cc1,0.96795696,0.5018556
CN1C2=C(C=C(C=C2)Cl)C(=NC(C1=O)O)C3=CC=CC=C3 ,2.8573324964312685,EC10,POP,CN1C(=O)C(O)N=C(c2ccccc2)c2cc(Cl)ccc21,0.3670639,2.3284338,,,0,0,O=S(Cc1ccccc1)Cc1ccccc1,0.91870713,0.56371355
CNCCC(C1=CC=CC=C1)OC2=CC=C(C=C2)C(F)(F)F ,2.8573324964312685,EC10,POP,CNCCC(Oc1ccc(C(F)(F)F)cc1)c1ccccc1,-1.4016399,0.03966067,,,1,1,CNCCC(Oc1ccc(C(F)(F)F)cc1)c1ccccc1,1.0,0.4848704
CCC1(C(=O)NCNC1=O)C2=CC=CC=C2,2.8573324964312685,EC10,POP,CCC1(c2ccccc2)C(=O)NCNC1=O,-0.5642002,0.27277198,,,0,0,CS(=O)(=O)c1ccc(C(=O)C2C(=O)CCCC2=O)c([N+](=O)[O-])c1,0.7781445,0.4719248
C1=CC=C(C(=C1)CC(=O)O)NC2=C(C=CC=C2Cl)Cl  ,2.8573324964312685,EC10,POP,O=C(O)Cc1ccccc1Nc1c(Cl)cccc1Cl,-0.24544352,0.5682723,,,1,0,O=C(O)Cc1ccccc1Nc1c(Cl)cccc1Cl,0.9999999,0.5901467
CC1=C(C(=C(C=C1)Cl)NC2=CC=CC=C2C(=O)O)Cl,2.8573324964312685,EC10,POP,Cc1ccc(Cl)c(Nc2ccccc2C(=O)O)c1Cl,-1.2873132,0.051604405,,,0,0,Cc1cccc(Nc2ccccc2C(=O)O)c1C,0.9804225,0.5831892
CC(C)CC1=CC=C(C=C1)C(C)C(=O)O,2.8573324964312685,EC10,POP,CC(C)Cc1ccc(C(C)C(=O)O)cc1,0.17230313,1.4869732,,,1,1,CC(C)Cc1ccc(C(C)C(=O)O)cc1,1.0,0.58937263
C1COC(=O)N1/N=C/C2=CC=C(O2)[N+](=O)[O-] ,2.8573324964312685,EC10,POP,O=C1OCCN1/N=C/c1ccc([N+](=O)[O-])o1,-1.8805019,0.013167343,,,0,0,O=C1OCCN1/N=C/c1ccc([N+](=O)[O-])o1,1.0000001,0.27820173
C1=NC2=C(N1COCCO)N=C(NC2=O)N ,2.8573324964312685,EC10,POP,Nc1nc2c(ncn2COCCO)c(=O)[nH]1,0.7140023,5.1760955,,,0,0,Nc1nc(Cl)nc(Nc2cc(S(=O)(=O)[O-])cc3cc(S(=O)(=O)[O-])c(N=Nc4cc(S(=O)(=O)[O-])c5cccc(S(=O)(=O)[O-])c5c4[O-])c([O-])c23)n1.[Cu+2].[Na+].[Na+].[Na+].[Na+],0.94267964,0.5585365
CCCCC(CN1C=NC=N1)(C2=C(C=C(C=C2)Cl)Cl)O  ,2.8573324964312685,EC10,POP,CCCCC(O)(Cn1cncn1)c1ccc(Cl)cc1Cl,-0.71569103,0.19244604,,,1,0,CCCCC(O)(Cn1cncn1)c1ccc(Cl)cc1Cl,1.0000002,0.57696885
CC1=C(C(=CC=C1)C)N(C(C)C(=O)OC)C(=O)COC,2.8573324964312685,EC10,POP,COCC(=O)N(c1c(C)cccc1C)C(C)C(=O)OC,0.9959846,9.9079685,,,1,1,COCC(=O)N(c1c(C)cccc1C)C(C)C(=O)OC,0.9999999,0.48230323
CN1C(=O)CN=C(C2=C1C=CC(=C2)Cl)C3=CC=CC=C3,2.8573324964312685,EC10,POP,CN1C(=O)CN=C(c2ccccc2)c2cc(Cl)ccc21,0.5013632,3.1722193,,,0,0,CN1C(=O)CN=C(c2ccccc2)c2cc(Cl)ccc21,1.0000002,0.5501901
CCN1CCN(CC1)C2=C(C=C3C(=C2)N(C=C(C3=O)C(=O)O)C4CC4)F,2.8573324964312685,EC10,POP,CCN1CCN(c2cc3c(cc2F)c(=O)c(C(=O)O)cn3C2CC2)CC1,0.58552676,3.8505855,,,1,0,CCN1CCN(c2cc3c(cc2F)c(=O)c(C(=O)O)cn3C2CC2)CC1,1.0000001,0.54597765
CC1=CC(=O)N(N1C)C2=CC=CC=C2,2.8573324964312685,EC10,POP,Cc1cc(=O)n(-c2ccccc2)n1C,-0.9099954,0.12302819,,,0,0,CCOC(=O)C(C)Oc1ccc(O)cc1,0.78097236,0.47915235
CC(C)(C(=O)O)OC1=CC=C(C=C1)CCNC(=O)C2=CC=C(C=C2)Cl  ,2.8573324964312685,EC10,POP,CC(C)(Oc1ccc(CCNC(=O)c2ccc(Cl)cc2)cc1)C(=O)O,-2.2309446,0.005875643,,,1,1,CC(C)(Oc1ccc(CCNC(=O)c2ccc(Cl)cc2)cc1)C(=O)O,1.0000001,0.54726905
CC1=C(C2=C(N1C(=O)C3=CC=C(C=C3)Cl)C=CC(=C2)OC)CC(=O)O  ,2.8573324964312685,EC10,POP,COc1ccc2c(c1)c(CC(=O)O)c(C)n2C(=O)c1ccc(Cl)cc1,-0.5387381,0.28924236,,,0,0,COc1ccc2c(c1)c(CC(=O)O)c(C)n2C(=O)c1ccc(Cl)cc1,1.0,0.57006514
CC(C)(C(=O)O)OC1=CC=C(C=C1)C(=O)C2=CC=C(C=C2)Cl  ,2.8573324964312685,EC10,POP,CC(C)(Oc1ccc(C(=O)c2ccc(Cl)cc2)cc1)C(=O)O,-1.1896958,0.06461066,,,0,0,CC(C)(Oc1ccc(C(=O)c2ccc(Cl)cc2)cc1)C(=O)O,1.0000001,0.5835126
CC(C1=CC(=CC=C1)C(=O)C2=CC=CC=C2)C(=O)O,2.8573324964312685,EC10,POP,CC(C(=O)O)c1cccc(C(=O)c2ccccc2)c1,0.9707766,9.349246,,,0,0,Cc1cccc(C(=O)O)c1,0.9720298,0.536745
CC1=CC(=C(C=C1)C)OCCCC(C)(C)C(=O)O,2.8573324964312685,EC10,POP,Cc1ccc(C)c(OCCCC(C)(C)C(=O)O)c1,-1.6652101,0.021616723,,,1,1,Cc1ccc(C)c(OCCCC(C)(C)C(=O)O)c1,1.0,0.58436465
C[C@@H](C1=CC2=C(C=C1)C=C(C=C2)OC)C(=O)O,2.8573324964312685,EC10,POP,COc1ccc2cc([C@H](C)C(=O)O)ccc2c1,0.80277216,6.349977,,,0,0,COc1ccc2cc(C(C)C(=O)O)ccc2c1,0.97776216,0.5339874
CC1=C(C=CC=C1Cl)NC2=CC=CC=C2C(=O)O ,2.8573324964312685,EC10,POP,Cc1c(Cl)cccc1Nc1ccccc1C(=O)O,-1.3034723,0.04971961,,,0,0,Nc1ccccc1Br,0.95606554,0.5865826
CCN1C=C(C(=O)C2=CC(=C(N=C21)N3CCNCC3)F)C(=O)O,2.8573324964312685,EC10,POP,CCn1cc(C(=O)O)c(=O)c2cc(F)c(N3CCNCC3)nc21,-0.9945068,0.101272896,,,0,0,CCn1cc(C(=O)O)c(=O)c2cc(F)c(N3CCNCC3)cc21,0.9955739,0.51985925
CC1=C(C(=O)N(N1C)C2=CC=CC=C2)N(C)C  ,2.8573324964312685,EC10,POP,Cc1c(N(C)C)c(=O)n(-c2ccccc2)n1C,-0.6709789,0.21331486,,,0,0,c1ccc2sc(SNC3CCCCC3)nc2c1,0.87614834,0.5515846
CCOC(=O)C(C)(C)OC1=CC=C(C=C1)Cl  ,2.8573324964312685,EC10,POP,CCOC(=O)C(C)(C)Oc1ccc(Cl)cc1,-2.4139078,0.0038556024,,,1,0,CCOC(=O)C(C)(C)Oc1ccc(Cl)cc1,0.99999976,0.5701688
CN(C)[C@H]1[C@@H]2[C@H]([C@@H]3C(=C)C4=C(C=CC(=C4C(=C3C(=O)[C@@]2(C(=C(C1=O)C(=O)N)O)O)O)O)Cl)O,2.8573324964312685,EC10,POP,C=C1c2c(Cl)ccc(O)c2C(O)=C2C(=O)[C@]3(O)C(O)=C(C(N)=O)C(=O)[C@@H](N(C)C)[C@@H]3[C@@H](O)[C@H]12,0.57896835,3.7928734,,,0,0,CCCCCCCC/C=C\CCCCCCCC(=O)O.CCCCCCCC/C=C\CCCCCCCCN,0.9709009,0.5232581
CC(C)C1=C(C(=C(N1CC[C@H](C[C@H](CC(=O)O)O)O)C2=CC=C(C=C2)F)C3=CC=CC=C3)C(=O)NC4=CC=CC=C4  ,2.8573324964312685,EC10,POP,CC(C)c1c(C(=O)Nc2ccccc2)c(-c2ccccc2)c(-c2ccc(F)cc2)n1CC[C@@H](O)C[C@@H](O)CC(=O)O,-0.78703207,0.16329314,,,1,0,CC(C)c1c(C(=O)Nc2ccccc2)c(-c2ccccc2)c(-c2ccc(F)cc2)n1CC[C@@H](O)C[C@@H](O)CC(=O)O,1.0,0.51122224
CC(C)NCC(COC1=CC=CC2=C1C=CN2)O ,2.8573324964312685,EC10,POP,CC(C)NCC(O)COc1cccc2[nH]ccc12,-1.1356008,0.07318114,,,0,0,CC(C)NCC(O)COc1cccc2ccccc12,0.95015705,0.5968435
C[C@@H]1C[C@@H]([C@H]([C@@H](O1)O[C@H]2[C@H](C[C@@]3(CO3)C(=O)[C@@H]([C@H]([C@H]([C@H](OC(=O)[C@@H]([C@H]([C@@H]2C)O[C@H]4C[C@@H]([C@H]([C@@H](O4)C)O)OC)C)C)C)O)C)C)O)N(C)C ,2.8573324964312685,EC10,POP,CO[C@H]1C[C@H](O[C@@H]2[C@@H](C)C(=O)O[C@H](C)[C@H](C)[C@H](O)[C@@H](C)C(=O)[C@]3(CO3)C[C@H](C)[C@H](O[C@@H]3O[C@H](C)C[C@H](N(C)C)[C@H]3O)[C@H]2C)O[C@@H](C)[C@@H]1O,-0.10070836,0.7930337,,,0,0,C=C1[C@@H]([C@@H](O)C[C@H](C)C2O[C@@]3(CCCCO3)CC[C@H]2C)O[C@@H]2CC[C@@]3(CC[C@H](/C=C/[C@@H](C)[C@@H]4CC(C)=C[C@@]5(O[C@H](C[C@@](C)(O)C(=O)O)CC[C@H]5O)O4)O3)OC2[C@@H]1O,0.9495169,0.5353337
CCC(C)(C)C(=O)O[C@H]1C[C@H](C=C2[C@H]1[C@H]([C@H](C=C2)C)CC[C@@H]3C[C@H](CC(=O)O3)O)C  ,2.8573324964312685,EC10,POP,CCC(C)(C)C(=O)O[C@H]1C[C@@H](C)C=C2C=C[C@H](C)[C@H](CC[C@@H]3C[C@@H](O)CC(=O)O3)[C@H]21,-2.1391685,0.007258243,,,0,0,CC(=O)O[C@]1(C(C)=O)CC[C@H]2[C@@H]3C=C(Cl)C4=CC(=O)[C@@H]5C[C@@H]5[C@]4(C)[C@H]3CC[C@@]21C,0.92916936,0.51401544
CCN1C=C(C(=O)C2=CC(=C(C=C21)N3CCNCC3)F)C(=O)O  ,2.8573324964312685,EC10,POP,CCn1cc(C(=O)O)c(=O)c2cc(F)c(N3CCNCC3)cc21,-1.1625487,0.068778284,,,1,0,CCn1cc(C(=O)O)c(=O)c2cc(F)c(N3CCNCC3)cc21,0.9999999,0.53029525
C=CCOC(CN1C=CN=C1)C2=C(C=C(C=C2)Cl)Cl  ,2.8573324964312685,EC10,POP,C=CCOC(Cn1ccnc1)c1ccc(Cl)cc1Cl,-0.6675226,0.21501927,,,0,0,C=CCOC(Cn1ccnc1)c1ccc(Cl)cc1Cl,1.0000001,0.5789358
CC(C)NCC(COC1=CC=CC2=CC=CC=C21)O  ,2.8573324964312685,EC10,POP,CC(C)NCC(O)COc1cccc2ccccc12,-1.1424972,0.07202824,,,1,0,CC(C)NCC(O)COc1cccc2ccccc12,1.0,0.5912223
C[C@]12CC[C@H]3[C@H]([C@@H]1CC[C@]2(C#C)O)CCC4=C3C=CC(=C4)O ,2.8573324964312685,EC10,POP,C#C[C@]1(O)CC[C@H]2[C@@H]3CCc4cc(O)ccc4[C@H]3CC[C@@]21C,-1.3863264,0.04108408,,,1,1,C#C[C@]1(O)CC[C@H]2[C@@H]3CCc4cc(O)ccc4[C@H]3CC[C@@]21C,1.0000001,0.5916554
CC(C)(C)NCC(COC1=CC=CC2=C1C[C@@H]([C@@H](C2)O)O)O  ,2.8573324964312685,EC10,POP,CC(C)(C)NCC(O)COc1cccc2c1C[C@H](O)[C@H](O)C2,1.0557778,11.370454,,,0,0,CC(C)(C)NCC(O)COc1cccc2c1C[C@H](O)[C@H](O)C2,0.99999994,0.49912065
CC(C)NCC(COC1=CC=C(C=C1)CCOC)O  ,2.8573324964312685,EC10,POP,COCCc1ccc(OCC(O)CNC(C)C)cc1,-0.7233098,0.18909942,,,0,0,COCCc1ccc(OCC(O)CNC(C)C)cc1,1.0000002,0.6133661
CC(C)NCC(COC1=CC=C(C=C1)COCCOC(C)C)O,2.8573324964312685,EC10,POP,CC(C)NCC(O)COc1ccc(COCCOC(C)C)cc1,-0.7533218,0.17647296,,,0,0,COCCc1ccc(OCC(O)CNC(C)C)cc1,0.8810325,0.56645393
CC(C)NCC(COC1=CC=C(C=C1)CCOCC2CC2)O ,2.8573324964312685,EC10,POP,CC(C)NCC(O)COc1ccc(CCOCC2CC2)cc1,-1.2931416,0.05091648,,,0,0,CC(C)(C)C(=O)C(Oc1ccc(Cl)cc1)n1cncn1,0.9277766,0.59239095
CC(C)NCC(COC1=CC=CC2=C1C3=CC=CC=C3N2)O  ,2.8573324964312685,EC10,POP,CC(C)NCC(O)COc1cccc2[nH]c3ccccc3c12,-0.9516529,0.11177563,,,0,0,CC(C)NCC(O)COc1cccc2ccccc12,0.95596194,0.5890147
CC(C)OC(=O)C(C)(C)OC1=CC=C(C=C1)C(=O)C2=CC=C(C=C2)Cl  ,2.8573324964312685,EC10,POP,CC(C)OC(=O)C(C)(C)Oc1ccc(C(=O)c2ccc(Cl)cc2)cc1,-1.8696302,0.01350112,,,1,1,CC(C)OC(=O)C(C)(C)Oc1ccc(C(=O)c2ccc(Cl)cc2)cc1,0.99999994,0.56751573
CC(C)(C(=O)OCCOC(=O)C1=CN=CC=C1)OC2=CC=C(C=C2)Cl  ,2.8573324964312685,EC10,POP,CC(C)(Oc1ccc(Cl)cc1)C(=O)OCCOC(=O)c1cccnc1,-0.6691663,0.21420701,,,0,0,C1COCCO1,0.836969,0.45656428
CN(CC(=O)O)S(=O)(=O)C1=CC=CC=C1,2.8573324964312685,EC10,POP,CN(CC(=O)O)S(=O)(=O)c1ccccc1,1.8192655,65.957695,,,0,0,O=C(O)CN(CC(=O)O)CC(=O)O,0.9697486,0.3938992
